-- phpMyAdmin SQL Dump
-- version 4.1.14
-- http://www.phpmyadmin.net
--
-- Host: 127.0.0.1
-- Generation Time: 28 Lis 2016, 09:09
-- Server version: 5.6.17
-- PHP Version: 5.5.12

SET SQL_MODE = "NO_AUTO_VALUE_ON_ZERO";
SET time_zone = "+00:00";


/*!40101 SET @OLD_CHARACTER_SET_CLIENT=@@CHARACTER_SET_CLIENT */;
/*!40101 SET @OLD_CHARACTER_SET_RESULTS=@@CHARACTER_SET_RESULTS */;
/*!40101 SET @OLD_COLLATION_CONNECTION=@@COLLATION_CONNECTION */;
/*!40101 SET NAMES utf8 */;

--
-- Database: `sklep`
--

-- --------------------------------------------------------

--
-- Struktura tabeli dla tabeli `kategoria`
--

CREATE TABLE IF NOT EXISTS `kategoria` (
  `id` int(11) NOT NULL AUTO_INCREMENT,
  `nazwa` varchar(45) NOT NULL,
  PRIMARY KEY (`id`)
) ENGINE=InnoDB  DEFAULT CHARSET=utf8 AUTO_INCREMENT=51 ;

--
-- Zrzut danych tabeli `kategoria`
--

INSERT INTO `kategoria` (`id`, `nazwa`) VALUES
(1, 'kategoria 1'),
(2, 'kategoria 2'),
(3, 'kategoria 3'),
(4, 'kategoria 4'),
(5, 'kategoria 5'),
(6, 'kategoria 6'),
(7, 'kategoria 7'),
(8, 'kategoria 8'),
(9, 'kategoria 9'),
(10, 'kategoria 10'),
(11, 'kategoria 11'),
(12, 'kategoria 12'),
(13, 'kategoria 13'),
(14, 'kategoria 14'),
(15, 'kategoria 15'),
(16, 'kategoria 16'),
(17, 'kategoria 17'),
(18, 'kategoria 18'),
(19, 'kategoria 19'),
(20, 'kategoria 20'),
(21, 'kategoria 21'),
(22, 'kategoria 22'),
(23, 'kategoria 23'),
(24, 'kategoria 24'),
(25, 'kategoria 25'),
(26, 'kategoria 26'),
(27, 'kategoria 27'),
(28, 'kategoria 28'),
(29, 'kategoria 29'),
(30, 'kategoria 30'),
(31, 'kategoria 31'),
(32, 'kategoria 32'),
(33, 'kategoria 33'),
(34, 'kategoria 34'),
(35, 'kategoria 35'),
(36, 'kategoria 36'),
(37, 'kategoria 37'),
(38, 'kategoria 38'),
(39, 'kategoria 39'),
(40, 'kategoria 40'),
(41, 'kategoria 41'),
(42, 'kategoria 42'),
(43, 'kategoria 43'),
(44, 'kategoria 44'),
(45, 'kategoria 45'),
(46, 'kategoria 46'),
(47, 'kategoria 47'),
(48, 'kategoria 48'),
(49, 'kategoria 49'),
(50, 'kategoria 50');

-- --------------------------------------------------------

--
-- Struktura tabeli dla tabeli `klient`
--

CREATE TABLE IF NOT EXISTS `klient` (
  `id` int(11) NOT NULL AUTO_INCREMENT,
  `imie` varchar(45) NOT NULL,
  `nazwisko` varchar(45) NOT NULL,
  `miejscowosc` varchar(45) NOT NULL,
  `ulica` varchar(45) NOT NULL,
  `numer` varchar(45) NOT NULL,
  PRIMARY KEY (`id`)
) ENGINE=InnoDB  DEFAULT CHARSET=utf8 AUTO_INCREMENT=101 ;

--
-- Zrzut danych tabeli `klient`
--

INSERT INTO `klient` (`id`, `imie`, `nazwisko`, `miejscowosc`, `ulica`, `numer`) VALUES
(1, 'Alojza', 'Dulęba', 'Pimodabo', 'Dembińskiego Henryka', '93 / 37'),
(2, 'Ludomił', 'Martin', 'Ponineru', 'Ruszczyńskiego Adama', '60'),
(3, 'Dżan', 'Augustowski', 'Kataboco', 'Wojska Polskiego', '41 / 15'),
(4, 'Przybysława', 'Zgoda', 'Kihito', 'Dzierżykraja', '53 / 41'),
(5, 'Juta', 'Szykuła', 'Segesasa', 'Miernicza', '9'),
(6, 'Stanisława', 'Cieciora', 'Suca', 'Sobieskiego Jana', '48'),
(7, 'Sabina', 'Dudała', 'Nacuhise', 'Metziga Jana, pl.', '39 / 60'),
(8, 'Miłomir', 'Buś', 'Mehatiki', 'Świętego Franciszka z Asyżu', '49 / 39'),
(9, 'Łagoda', 'Bryja', 'Safifu', '', '36 / 25'),
(10, 'Korneli', 'Bugaj', 'Nonasepiro', 'Najdy Ludwika', '35'),
(11, 'Salomon', 'Młodziński', 'Sasirudiwe', 'Żniwna', '67 / 51'),
(12, 'Leona', 'Mikuła', 'Pumi', 'Piastowska', '37 / 10'),
(13, 'Krzesisław', 'Kaliński', 'Sesehowewu', 'Maja 1', '40'),
(14, 'Janina', 'Potempa', 'Sote', 'Królowej Jadwigi', '100 / 50'),
(15, 'Salomea', 'Gryka', 'Suhaholeko', 'Wróblewskiego Waleriana', '21 / 25'),
(16, 'Romana', 'Formela', 'Same', 'Ogińskiego Michała Kleofasa', '13'),
(17, 'Antonina', 'Patyna', 'Nicife', 'Szybowników', '36'),
(18, 'Szejma', 'Jeszka', 'Moko', 'Drzymały Michała', '36 / 12'),
(19, 'Bogdan', 'Kaszubski', 'Soci', 'Górowska', '35 / 11'),
(20, 'Adamina', 'Pietrucha', 'Norzitaditu', 'Marcinkowskiego Karola', '90'),
(21, 'Miłomir', 'Trybulski', 'Kireruku', 'Francuska', '33 / 2'),
(22, 'Miłowit', 'Więczkowski', 'Miru', 'Kujawska', '10 / 52'),
(23, 'Olena', 'Zgoła', 'Kitede', 'Łąkowa', '71 / 7'),
(24, 'Dagna', 'Słaba', 'Pakowati', 'Krótka', '38 / 10'),
(25, 'Bożimir', 'Jankiewicz', 'Naducamu', 'Hiszpańska', '34'),
(26, 'Apollo', 'Czerwik', 'Kifo', 'Lutosławskiego Witolda', '29 / 39'),
(27, 'Sławomir', 'Kornet', 'Nacaso', 'Miła', '45'),
(28, 'Miłogost', 'Barcicki', 'Sufalepeda', 'Kasprowicza Jana', '33'),
(29, 'Radomira', 'Pluta', 'Mami', 'Janickiego Klemensa', '85 / 46'),
(30, 'Roch', 'Zakrocki', 'Molufu', 'Święciechowska', '57'),
(31, 'Tadeusz', 'Kosiak', 'Kasoma', 'Brzozowa', '36'),
(32, 'Brygida', 'Zawada', 'Negu', 'Ochocza', '54 / 31'),
(33, 'Dobrogost', 'Wypchło', 'Potecukamo', 'Wybickiego Józefa', '67'),
(34, 'Bożimir', 'Szczodrowski', 'Mobutiru', 'Zagłoby Onufrego', '43'),
(35, 'Florian', 'Częścik', 'Kisogeme', 'Holenderska', '80 / 50'),
(36, 'Bogna', 'Wojda', 'Mamuhoda', 'Średnia', '40 / 31'),
(37, 'Fryderyka', 'Sulima', 'Kano', 'Cybulskiego Zbigniewa', '39 / 44'),
(38, 'Lea', 'Gapa', 'Nife', 'Góreckiego Józefa', '14'),
(39, 'Mojmir', 'Sass', 'Puti', 'Miśnieńska', '32 / 3'),
(40, 'Karol', 'Pilarek', 'Nado', 'Kościuszki Tadeusza, pl', '2'),
(41, 'Fryderyka', 'Katana', 'Sicikodupu', 'Kochanowskiego Jana', '75 / 24'),
(42, 'Ziemowit', 'Gawłowicz', 'Mifimorzi', 'Roweckiego Grota, gen - wiadukt', '3'),
(43, 'Dyzma', 'Klamka', 'Serekarzofa', 'Kudelli Mieczysława', '54 / 26'),
(44, 'Leoncja', 'Kieca', 'Saparisa', 'Grodzka', '85'),
(45, 'Marcjanna', 'Łupina', 'Pipiki', 'Mehoffera Józefa', '84'),
(46, 'Rodzisława', 'Jeżyna', 'Nehipefi', 'Janickiego Klemensa', '77'),
(47, 'Gniewosz', 'Sierakowski', 'Murzicasona', 'Ułańska', '97'),
(48, 'Eligiusz', 'Mosiński', 'Mocafu', 'Holenderska', '50 / 14'),
(49, 'Makary', 'Janiszek', 'Sitepibu', 'Przemysłowa', '2 / 19'),
(50, 'Jozafat', 'Sadlik', 'Sepoweke', 'Pułku Ułanów 17', '68 / 31'),
(51, 'Dorota', 'Rząca', 'Kogo', 'Lubuska', '38 / 1'),
(52, 'Walerian', 'Duchnowski', 'Miluhopo', 'Borowikowa', '20'),
(53, 'Grodzisław', 'Kacprzak', 'Pogateha', 'Ludowa', '56 / 60'),
(54, 'Żytomir', 'Maniecki', 'Nakumo', 'Tama Kolejowa', '8'),
(55, 'Sylwia', 'Zięcina', 'Kodekera', 'Wrzosowa', '14 / 26'),
(56, 'Szarlina', 'Kura', 'Misafimumo', 'Drzymały Michała', '5'),
(57, 'Agapit', 'Szatko', 'Pokohuwe', 'Marciniaka Sylwestra, ks.', '45'),
(58, 'Medard', 'Kreczmer', 'Kerze', 'Hubala, mjr', '54 / 30'),
(59, 'Ildefons', 'Pancerz', 'Miwewafeti', 'Obrońców Lwowa', '27 / 54'),
(60, 'Alfreda', 'Nita', 'Kibole', 'Miśnieńska', '13'),
(61, 'Jonatan', 'Olesiejuk', 'Mafohoge', 'Dworcowa', '99'),
(62, 'Radzimir', 'Wołoszczuk', 'Sowana', 'Nowowiejskiego Adama', '99 / 3'),
(63, 'Ezaw', 'Legierski', 'Sabu', 'Muśnickiego- Dowbora Józefa gen.', '59 / 19'),
(64, 'Adnan', 'Styczeń', 'Kolipure', 'Świętokrzyska', '58'),
(65, 'Klementyna', 'Strzałka', 'Muwa', 'Tuwima Juliana', '51'),
(66, 'Maryna', 'Brózda', 'Mowepi', 'Powstańców Śląskich', '84 / 32'),
(67, 'Radomił', 'Klonowski', 'Kuhu', 'Wiosenna', '65'),
(68, 'Wera', 'Kaletka', 'Pidamarugu', 'Kudelli Mieczysława', '4'),
(69, 'Nikodem', 'Gilarski', 'Keci', 'Dożynkowa', '48'),
(70, 'Marian', 'Nurkiewicz', 'Moduga', 'Grzybowa', '52 / 58'),
(71, 'Nikodem', 'Nitkiewicz', 'Mibulo', 'Chocimska', '81 / 47'),
(72, 'Maryna', 'Piaseczna', 'Mimu', 'Jackowskiego Maksymiliana', '94 / 50'),
(73, 'Borys', 'Woś', 'Kise', 'Chrobrego Bolesława', '82'),
(74, 'Gertruda', 'Łupina', 'Nika', 'Smardzowa', '22'),
(75, 'Kajusz', 'Dziubak', 'Sahehulufe', 'Obotrycka', '6 / 19'),
(76, 'Walid', 'Lesiński', 'Potukima', 'Nowa', '85'),
(77, 'Cina', 'Szkoła', 'Sarzike', 'Wołodyjowskiego Michała', '51 / 8'),
(78, 'Bonawentura', 'Siuta', 'Sopogi', 'Szwedzka', '37'),
(79, 'Urban', 'Ryczko', 'Pidewidosu', 'Antonińska', '45 / 3'),
(80, 'Tęgomira', 'Kita', 'Metababi', 'Kryłowa Iwana', '12'),
(81, 'Natan', 'Jeliński', 'Sorikapafo', 'Wybickiego Józefa', '59'),
(82, 'Kordian', 'Pyszczek', 'Sococato', 'Czarnoleska', '29 / 16'),
(83, 'Miranda', 'Tadla', 'Newonokeme', 'Tuwima Juliana', '23 / 60'),
(84, 'Miron', 'Grzybek', 'Ketici', 'Kryłowa Iwana', '84'),
(85, 'Rosłan', 'Prucnal', 'Kubomuconu', 'Artyleryjska', '85 / 24'),
(86, 'Angela', 'Ryguła', 'Pobiruwima', 'Brzozowa', '60 / 54'),
(87, 'Apollina', 'Giża', 'Mahaki', 'Chocimska', '50 / 56'),
(88, 'Augustyn', 'Marciniak', 'Kada', 'Olszewskiego Karola', '17 / 7'),
(89, 'Norman', 'Iwanowski', 'Puta', 'Przemysłowa', '66 / 59'),
(90, 'Latifa', 'Ziętara', 'Pihagolarzo', 'Brata Alberta', '5 / 49'),
(91, 'Dżamil', 'Kurbiel', 'Sobomidu', 'Stawowa', '31 / 10'),
(92, 'Waldemar', 'Piotrzkowski', 'Pohasako', 'Jagienki', '71'),
(93, 'Wincentyna', 'Bruzda', 'Molilupu', 'Marcinkowskiego Karola', '58'),
(94, 'Marcjanna', 'Lepa', 'Mikocuda', 'Brzozowa', '4 / 13'),
(95, 'Gwidona', 'Ruchała', 'Mocerzofu', 'Mierosławskiego Ludwika', '45 / 9'),
(96, 'Arnold', 'Dzięgiel', 'Sawi', 'Ogrodowa', '88 / 8'),
(97, 'Aldona', 'Cieciora', 'Mure', 'Choinkowa', '37'),
(98, 'Nikodem', 'Wziątek', 'Kuhu', 'Fabryczna', '52 / 59'),
(99, 'Husajn', 'Domino', 'Safitiha', 'Gajowa', '97 / 27'),
(100, 'Ładysława', 'Jaruga', 'Nido', 'Orzeszkowej Elizy', '47 / 51');

-- --------------------------------------------------------

--
-- Struktura tabeli dla tabeli `ocena`
--

CREATE TABLE IF NOT EXISTS `ocena` (
  `id` int(11) NOT NULL AUTO_INCREMENT,
  `ocena` int(11) NOT NULL,
  `produkt_id` int(11) NOT NULL,
  PRIMARY KEY (`id`,`produkt_id`),
  KEY `fk_ocena_produkt1_idx` (`produkt_id`)
) ENGINE=InnoDB  DEFAULT CHARSET=utf8 AUTO_INCREMENT=2470 ;

--
-- Zrzut danych tabeli `ocena`
--

INSERT INTO `ocena` (`id`, `ocena`, `produkt_id`) VALUES
(1, 2, 1),
(2, 2, 1),
(3, 4, 1),
(4, 1, 1),
(5, 5, 1),
(6, 4, 2),
(7, 2, 2),
(8, 1, 2),
(9, 5, 2),
(10, 1, 2),
(11, 2, 5),
(12, 5, 5),
(13, 5, 5),
(14, 4, 5),
(15, 3, 5),
(16, 3, 6),
(17, 5, 6),
(18, 5, 6),
(19, 1, 7),
(20, 2, 7),
(21, 2, 7),
(22, 5, 7),
(23, 5, 7),
(24, 3, 8),
(25, 5, 8),
(26, 4, 8),
(27, 3, 9),
(28, 2, 9),
(29, 5, 9),
(30, 5, 10),
(31, 3, 10),
(32, 2, 10),
(33, 2, 10),
(34, 3, 10),
(35, 2, 12),
(36, 3, 12),
(37, 5, 13),
(38, 1, 13),
(39, 1, 14),
(40, 1, 14),
(41, 2, 15),
(42, 4, 15),
(43, 1, 15),
(44, 4, 15),
(45, 2, 16),
(46, 5, 16),
(47, 1, 16),
(48, 1, 16),
(49, 4, 16),
(50, 5, 17),
(51, 4, 17),
(52, 2, 18),
(53, 4, 18),
(54, 3, 19),
(55, 5, 19),
(56, 3, 19),
(57, 5, 20),
(58, 1, 20),
(59, 2, 21),
(60, 4, 21),
(61, 2, 21),
(62, 2, 21),
(63, 4, 22),
(64, 1, 22),
(65, 4, 22),
(66, 2, 22),
(67, 1, 22),
(68, 5, 23),
(69, 4, 24),
(70, 1, 24),
(71, 2, 24),
(72, 1, 24),
(73, 3, 24),
(74, 1, 25),
(75, 1, 25),
(76, 2, 25),
(77, 3, 26),
(78, 3, 26),
(79, 3, 26),
(80, 5, 26),
(81, 4, 26),
(82, 3, 27),
(83, 1, 27),
(84, 5, 27),
(85, 5, 28),
(86, 1, 28),
(87, 4, 29),
(88, 1, 29),
(89, 2, 30),
(90, 2, 30),
(91, 3, 30),
(92, 5, 31),
(93, 2, 31),
(94, 4, 31),
(95, 5, 31),
(96, 3, 31),
(97, 1, 32),
(98, 5, 36),
(99, 2, 38),
(100, 2, 38),
(101, 4, 38),
(102, 1, 38),
(103, 1, 38),
(104, 1, 39),
(105, 5, 39),
(106, 5, 39),
(107, 2, 40),
(108, 4, 40),
(109, 2, 41),
(110, 5, 41),
(111, 5, 42),
(112, 1, 42),
(113, 5, 42),
(114, 5, 42),
(115, 4, 42),
(116, 5, 44),
(117, 3, 44),
(118, 1, 44),
(119, 3, 45),
(120, 5, 45),
(121, 3, 45),
(122, 4, 45),
(123, 4, 45),
(124, 5, 48),
(125, 4, 48),
(126, 1, 49),
(127, 5, 50),
(128, 5, 50),
(129, 1, 50),
(130, 2, 50),
(131, 3, 51),
(132, 2, 51),
(133, 5, 51),
(134, 3, 52),
(135, 4, 52),
(136, 1, 52),
(137, 4, 52),
(138, 3, 52),
(139, 5, 53),
(140, 5, 53),
(141, 4, 54),
(142, 2, 56),
(143, 1, 56),
(144, 4, 56),
(145, 1, 57),
(146, 2, 57),
(147, 2, 57),
(148, 3, 58),
(149, 5, 58),
(150, 5, 58),
(151, 4, 58),
(152, 5, 58),
(153, 1, 59),
(154, 4, 59),
(155, 5, 59),
(156, 4, 59),
(157, 1, 59),
(158, 2, 61),
(159, 3, 62),
(160, 2, 62),
(161, 2, 62),
(162, 2, 63),
(163, 5, 63),
(164, 2, 64),
(165, 1, 64),
(166, 2, 65),
(167, 2, 65),
(168, 5, 67),
(169, 5, 67),
(170, 1, 67),
(171, 1, 67),
(172, 3, 68),
(173, 3, 68),
(174, 2, 68),
(175, 3, 69),
(176, 3, 69),
(177, 5, 70),
(178, 5, 70),
(179, 5, 70),
(180, 3, 70),
(181, 3, 71),
(182, 1, 71),
(183, 3, 71),
(184, 5, 71),
(185, 1, 71),
(186, 5, 72),
(187, 5, 72),
(188, 2, 73),
(189, 5, 73),
(190, 3, 73),
(191, 1, 73),
(192, 3, 74),
(193, 2, 74),
(194, 2, 75),
(195, 5, 75),
(196, 1, 75),
(197, 3, 75),
(198, 5, 75),
(199, 5, 76),
(200, 1, 76),
(201, 2, 76),
(202, 1, 76),
(203, 5, 76),
(204, 4, 77),
(205, 5, 77),
(206, 2, 77),
(207, 4, 77),
(208, 4, 77),
(209, 2, 79),
(210, 2, 79),
(211, 2, 80),
(212, 3, 80),
(213, 5, 81),
(214, 3, 81),
(215, 2, 81),
(216, 4, 82),
(217, 4, 82),
(218, 2, 82),
(219, 2, 83),
(220, 4, 84),
(221, 3, 84),
(222, 1, 84),
(223, 1, 85),
(224, 5, 87),
(225, 2, 87),
(226, 2, 87),
(227, 5, 87),
(228, 2, 88),
(229, 5, 88),
(230, 1, 88),
(231, 5, 89),
(232, 2, 89),
(233, 1, 89),
(234, 3, 89),
(235, 4, 89),
(236, 2, 90),
(237, 2, 90),
(238, 5, 90),
(239, 4, 90),
(240, 5, 91),
(241, 1, 91),
(242, 1, 93),
(243, 3, 93),
(244, 4, 93),
(245, 3, 93),
(246, 3, 93),
(247, 4, 94),
(248, 4, 94),
(249, 1, 95),
(250, 5, 95),
(251, 2, 95),
(252, 4, 95),
(253, 2, 96),
(254, 1, 97),
(255, 4, 97),
(256, 2, 98),
(257, 4, 98),
(258, 2, 98),
(259, 4, 98),
(260, 5, 98),
(261, 4, 100),
(262, 2, 100),
(263, 1, 100),
(264, 2, 100),
(265, 4, 100),
(266, 2, 101),
(267, 3, 101),
(268, 5, 101),
(269, 2, 101),
(270, 3, 101),
(271, 1, 102),
(272, 2, 104),
(273, 2, 104),
(274, 5, 105),
(275, 3, 105),
(276, 2, 105),
(277, 1, 105),
(278, 2, 105),
(279, 4, 107),
(280, 4, 107),
(281, 2, 107),
(282, 1, 108),
(283, 4, 108),
(284, 2, 108),
(285, 4, 109),
(286, 1, 109),
(287, 5, 109),
(288, 2, 110),
(289, 1, 111),
(290, 5, 111),
(291, 3, 112),
(292, 2, 112),
(293, 2, 112),
(294, 5, 113),
(295, 5, 113),
(296, 3, 113),
(297, 5, 113),
(298, 2, 114),
(299, 3, 114),
(300, 2, 114),
(301, 2, 114),
(302, 1, 115),
(303, 4, 115),
(304, 4, 115),
(305, 2, 116),
(306, 3, 116),
(307, 2, 116),
(308, 3, 118),
(309, 5, 119),
(310, 4, 119),
(311, 1, 119),
(312, 2, 119),
(313, 5, 119),
(314, 1, 120),
(315, 2, 120),
(316, 5, 120),
(317, 3, 120),
(318, 5, 120),
(319, 5, 121),
(320, 4, 121),
(321, 3, 122),
(322, 3, 122),
(323, 4, 123),
(324, 4, 124),
(325, 5, 125),
(326, 3, 125),
(327, 5, 126),
(328, 3, 127),
(329, 5, 128),
(330, 4, 129),
(331, 1, 129),
(332, 1, 129),
(333, 1, 130),
(334, 1, 132),
(335, 1, 132),
(336, 4, 132),
(337, 3, 132),
(338, 4, 133),
(339, 1, 133),
(340, 1, 134),
(341, 2, 134),
(342, 5, 134),
(343, 1, 134),
(344, 1, 135),
(345, 1, 135),
(346, 4, 135),
(347, 1, 136),
(348, 2, 136),
(349, 2, 136),
(350, 5, 137),
(351, 4, 137),
(352, 1, 138),
(353, 2, 138),
(354, 2, 139),
(355, 4, 139),
(356, 5, 139),
(357, 4, 139),
(358, 3, 140),
(359, 4, 140),
(360, 2, 142),
(361, 5, 142),
(362, 4, 143),
(363, 2, 143),
(364, 4, 143),
(365, 4, 143),
(366, 5, 144),
(367, 4, 144),
(368, 5, 144),
(369, 5, 144),
(370, 4, 145),
(371, 4, 145),
(372, 4, 145),
(373, 3, 147),
(374, 4, 147),
(375, 5, 147),
(376, 4, 147),
(377, 5, 147),
(378, 4, 148),
(379, 3, 148),
(380, 5, 149),
(381, 1, 149),
(382, 1, 149),
(383, 2, 150),
(384, 3, 150),
(385, 5, 150),
(386, 3, 151),
(387, 5, 151),
(388, 2, 151),
(389, 5, 151),
(390, 2, 151),
(391, 2, 152),
(392, 1, 152),
(393, 5, 153),
(394, 1, 153),
(395, 3, 153),
(396, 5, 153),
(397, 5, 154),
(398, 5, 154),
(399, 5, 154),
(400, 1, 154),
(401, 1, 154),
(402, 2, 155),
(403, 5, 156),
(404, 5, 156),
(405, 3, 156),
(406, 2, 156),
(407, 3, 156),
(408, 5, 157),
(409, 1, 157),
(410, 5, 157),
(411, 1, 158),
(412, 3, 159),
(413, 3, 159),
(414, 4, 159),
(415, 2, 159),
(416, 3, 160),
(417, 4, 160),
(418, 4, 160),
(419, 4, 161),
(420, 5, 163),
(421, 5, 164),
(422, 4, 164),
(423, 1, 165),
(424, 1, 165),
(425, 2, 166),
(426, 4, 166),
(427, 4, 166),
(428, 4, 167),
(429, 1, 167),
(430, 3, 167),
(431, 4, 168),
(432, 1, 170),
(433, 4, 170),
(434, 3, 170),
(435, 4, 171),
(436, 5, 171),
(437, 3, 171),
(438, 3, 171),
(439, 5, 171),
(440, 2, 172),
(441, 1, 172),
(442, 4, 173),
(443, 3, 173),
(444, 5, 173),
(445, 4, 173),
(446, 3, 173),
(447, 5, 174),
(448, 3, 175),
(449, 4, 175),
(450, 5, 175),
(451, 3, 175),
(452, 4, 176),
(453, 5, 176),
(454, 3, 176),
(455, 3, 176),
(456, 1, 177),
(457, 4, 178),
(458, 5, 178),
(459, 1, 178),
(460, 3, 178),
(461, 1, 180),
(462, 3, 180),
(463, 3, 180),
(464, 2, 180),
(465, 1, 181),
(466, 2, 181),
(467, 4, 181),
(468, 5, 181),
(469, 1, 181),
(470, 4, 182),
(471, 3, 182),
(472, 2, 184),
(473, 5, 184),
(474, 4, 184),
(475, 5, 185),
(476, 1, 185),
(477, 2, 185),
(478, 2, 187),
(479, 5, 187),
(480, 4, 187),
(481, 4, 187),
(482, 1, 187),
(483, 1, 188),
(484, 2, 188),
(485, 3, 188),
(486, 2, 189),
(487, 4, 190),
(488, 3, 190),
(489, 4, 190),
(490, 3, 191),
(491, 5, 191),
(492, 2, 191),
(493, 5, 192),
(494, 5, 192),
(495, 4, 192),
(496, 2, 194),
(497, 3, 194),
(498, 3, 194),
(499, 2, 194),
(500, 3, 194),
(501, 4, 195),
(502, 3, 195),
(503, 3, 196),
(504, 5, 197),
(505, 1, 197),
(506, 1, 197),
(507, 3, 197),
(508, 3, 198),
(509, 1, 198),
(510, 2, 198),
(511, 2, 198),
(512, 2, 198),
(513, 1, 200),
(514, 5, 200),
(515, 1, 200),
(516, 1, 201),
(517, 1, 201),
(518, 3, 201),
(519, 2, 201),
(520, 4, 201),
(521, 2, 202),
(522, 3, 203),
(523, 4, 204),
(524, 1, 204),
(525, 3, 204),
(526, 1, 204),
(527, 1, 204),
(528, 4, 205),
(529, 5, 206),
(530, 5, 206),
(531, 1, 206),
(532, 2, 206),
(533, 4, 206),
(534, 4, 207),
(535, 3, 207),
(536, 1, 208),
(537, 3, 208),
(538, 4, 209),
(539, 4, 209),
(540, 3, 210),
(541, 1, 210),
(542, 3, 211),
(543, 3, 211),
(544, 4, 211),
(545, 3, 211),
(546, 2, 211),
(547, 5, 212),
(548, 4, 212),
(549, 2, 212),
(550, 2, 212),
(551, 4, 212),
(552, 1, 214),
(553, 3, 215),
(554, 2, 215),
(555, 2, 215),
(556, 5, 216),
(557, 1, 219),
(558, 5, 219),
(559, 2, 219),
(560, 4, 220),
(561, 3, 221),
(562, 4, 221),
(563, 5, 222),
(564, 2, 222),
(565, 2, 222),
(566, 2, 222),
(567, 1, 222),
(568, 1, 225),
(569, 4, 225),
(570, 1, 225),
(571, 2, 225),
(572, 5, 225),
(573, 1, 226),
(574, 4, 226),
(575, 2, 226),
(576, 4, 226),
(577, 4, 227),
(578, 2, 227),
(579, 5, 227),
(580, 3, 227),
(581, 1, 228),
(582, 3, 229),
(583, 1, 229),
(584, 3, 229),
(585, 2, 230),
(586, 1, 230),
(587, 2, 230),
(588, 2, 230),
(589, 2, 231),
(590, 4, 231),
(591, 4, 231),
(592, 2, 232),
(593, 5, 232),
(594, 4, 232),
(595, 3, 232),
(596, 5, 232),
(597, 4, 233),
(598, 2, 234),
(599, 1, 234),
(600, 5, 235),
(601, 5, 235),
(602, 2, 236),
(603, 3, 236),
(604, 2, 237),
(605, 1, 237),
(606, 5, 237),
(607, 5, 237),
(608, 2, 237),
(609, 4, 238),
(610, 5, 238),
(611, 5, 239),
(612, 4, 239),
(613, 4, 239),
(614, 2, 239),
(615, 5, 240),
(616, 1, 240),
(617, 2, 240),
(618, 1, 240),
(619, 5, 241),
(620, 3, 241),
(621, 1, 241),
(622, 1, 242),
(623, 5, 242),
(624, 3, 242),
(625, 1, 242),
(626, 3, 243),
(627, 5, 243),
(628, 5, 244),
(629, 1, 245),
(630, 1, 246),
(631, 5, 246),
(632, 3, 246),
(633, 5, 246),
(634, 5, 246),
(635, 4, 247),
(636, 5, 247),
(637, 2, 247),
(638, 4, 247),
(639, 1, 247),
(640, 2, 248),
(641, 4, 248),
(642, 4, 248),
(643, 2, 249),
(644, 4, 249),
(645, 4, 249),
(646, 5, 249),
(647, 3, 250),
(648, 1, 250),
(649, 2, 252),
(650, 1, 252),
(651, 2, 253),
(652, 1, 253),
(653, 3, 253),
(654, 5, 253),
(655, 3, 254),
(656, 5, 254),
(657, 5, 254),
(658, 5, 255),
(659, 5, 255),
(660, 3, 256),
(661, 1, 256),
(662, 5, 256),
(663, 1, 256),
(664, 5, 256),
(665, 4, 258),
(666, 5, 258),
(667, 4, 258),
(668, 5, 258),
(669, 1, 259),
(670, 1, 259),
(671, 5, 259),
(672, 1, 259),
(673, 4, 259),
(674, 2, 261),
(675, 5, 261),
(676, 2, 262),
(677, 4, 262),
(678, 3, 262),
(679, 5, 262),
(680, 5, 263),
(681, 2, 263),
(682, 5, 263),
(683, 4, 264),
(684, 1, 264),
(685, 5, 265),
(686, 4, 266),
(687, 2, 266),
(688, 1, 266),
(689, 1, 267),
(690, 3, 267),
(691, 5, 268),
(692, 2, 270),
(693, 4, 270),
(694, 4, 271),
(695, 2, 271),
(696, 1, 272),
(697, 2, 272),
(698, 2, 272),
(699, 3, 272),
(700, 2, 273),
(701, 4, 273),
(702, 4, 273),
(703, 3, 273),
(704, 2, 274),
(705, 2, 274),
(706, 5, 274),
(707, 2, 274),
(708, 5, 275),
(709, 1, 275),
(710, 5, 276),
(711, 2, 278),
(712, 1, 278),
(713, 4, 278),
(714, 4, 279),
(715, 5, 279),
(716, 3, 279),
(717, 1, 280),
(718, 3, 280),
(719, 4, 281),
(720, 5, 281),
(721, 5, 281),
(722, 1, 281),
(723, 3, 281),
(724, 2, 282),
(725, 3, 282),
(726, 1, 282),
(727, 4, 283),
(728, 5, 283),
(729, 1, 284),
(730, 1, 285),
(731, 4, 285),
(732, 3, 288),
(733, 5, 288),
(734, 2, 288),
(735, 2, 289),
(736, 5, 290),
(737, 5, 290),
(738, 5, 290),
(739, 3, 290),
(740, 1, 293),
(741, 4, 293),
(742, 3, 294),
(743, 3, 294),
(744, 2, 294),
(745, 3, 297),
(746, 3, 297),
(747, 5, 297),
(748, 5, 297),
(749, 4, 297),
(750, 5, 299),
(751, 4, 299),
(752, 1, 299),
(753, 4, 299),
(754, 5, 300),
(755, 5, 300),
(756, 5, 301),
(757, 2, 301),
(758, 4, 302),
(759, 4, 302),
(760, 2, 305),
(761, 5, 305),
(762, 1, 305),
(763, 5, 305),
(764, 3, 306),
(765, 3, 306),
(766, 3, 306),
(767, 3, 307),
(768, 4, 307),
(769, 4, 308),
(770, 2, 308),
(771, 1, 308),
(772, 2, 308),
(773, 4, 309),
(774, 2, 309),
(775, 2, 309),
(776, 5, 310),
(777, 2, 310),
(778, 5, 310),
(779, 4, 310),
(780, 1, 310),
(781, 5, 311),
(782, 5, 311),
(783, 2, 311),
(784, 2, 312),
(785, 3, 312),
(786, 3, 312),
(787, 2, 312),
(788, 4, 312),
(789, 1, 313),
(790, 5, 313),
(791, 5, 315),
(792, 5, 315),
(793, 2, 315),
(794, 2, 315),
(795, 5, 316),
(796, 3, 319),
(797, 2, 319),
(798, 1, 319),
(799, 2, 319),
(800, 3, 319),
(801, 3, 320),
(802, 1, 320),
(803, 4, 320),
(804, 3, 320),
(805, 5, 320),
(806, 2, 322),
(807, 3, 322),
(808, 3, 322),
(809, 2, 322),
(810, 1, 323),
(811, 2, 323),
(812, 1, 323),
(813, 2, 323),
(814, 5, 323),
(815, 1, 324),
(816, 5, 324),
(817, 4, 324),
(818, 4, 324),
(819, 2, 325),
(820, 3, 325),
(821, 3, 325),
(822, 3, 326),
(823, 2, 326),
(824, 5, 326),
(825, 1, 327),
(826, 1, 327),
(827, 4, 327),
(828, 5, 327),
(829, 4, 328),
(830, 1, 328),
(831, 4, 329),
(832, 2, 329),
(833, 2, 330),
(834, 3, 330),
(835, 4, 330),
(836, 4, 330),
(837, 2, 330),
(838, 5, 331),
(839, 5, 331),
(840, 1, 331),
(841, 1, 331),
(842, 2, 332),
(843, 1, 332),
(844, 4, 332),
(845, 4, 332),
(846, 4, 332),
(847, 2, 333),
(848, 2, 333),
(849, 1, 333),
(850, 4, 334),
(851, 3, 334),
(852, 4, 334),
(853, 4, 334),
(854, 3, 335),
(855, 3, 335),
(856, 5, 335),
(857, 3, 335),
(858, 2, 337),
(859, 2, 337),
(860, 1, 337),
(861, 3, 337),
(862, 3, 338),
(863, 3, 339),
(864, 5, 339),
(865, 4, 339),
(866, 1, 339),
(867, 3, 339),
(868, 4, 340),
(869, 5, 340),
(870, 1, 340),
(871, 3, 341),
(872, 1, 341),
(873, 4, 342),
(874, 5, 342),
(875, 5, 342),
(876, 3, 343),
(877, 3, 343),
(878, 1, 343),
(879, 2, 343),
(880, 2, 343),
(881, 4, 344),
(882, 4, 344),
(883, 5, 344),
(884, 3, 345),
(885, 3, 345),
(886, 1, 345),
(887, 4, 346),
(888, 3, 346),
(889, 3, 346),
(890, 3, 346),
(891, 1, 349),
(892, 5, 349),
(893, 5, 349),
(894, 1, 349),
(895, 5, 349),
(896, 3, 350),
(897, 3, 350),
(898, 2, 350),
(899, 1, 350),
(900, 3, 350),
(901, 3, 352),
(902, 3, 352),
(903, 3, 352),
(904, 3, 355),
(905, 4, 356),
(906, 2, 358),
(907, 2, 358),
(908, 5, 358),
(909, 1, 358),
(910, 1, 359),
(911, 5, 359),
(912, 1, 359),
(913, 4, 359),
(914, 1, 360),
(915, 3, 360),
(916, 4, 360),
(917, 3, 360),
(918, 4, 360),
(919, 3, 363),
(920, 1, 364),
(921, 5, 364),
(922, 1, 364),
(923, 5, 365),
(924, 3, 365),
(925, 1, 365),
(926, 4, 367),
(927, 2, 369),
(928, 5, 369),
(929, 4, 370),
(930, 2, 370),
(931, 5, 370),
(932, 4, 373),
(933, 3, 373),
(934, 1, 373),
(935, 5, 373),
(936, 4, 375),
(937, 5, 377),
(938, 1, 379),
(939, 1, 379),
(940, 4, 379),
(941, 1, 379),
(942, 4, 379),
(943, 3, 380),
(944, 4, 380),
(945, 2, 381),
(946, 5, 381),
(947, 4, 381),
(948, 4, 382),
(949, 5, 382),
(950, 3, 383),
(951, 4, 383),
(952, 2, 385),
(953, 2, 386),
(954, 3, 386),
(955, 3, 386),
(956, 1, 387),
(957, 1, 388),
(958, 4, 388),
(959, 2, 388),
(960, 1, 388),
(961, 2, 389),
(962, 5, 390),
(963, 4, 390),
(964, 5, 390),
(965, 3, 391),
(966, 3, 391),
(967, 5, 391),
(968, 2, 391),
(969, 4, 392),
(970, 1, 395),
(971, 4, 395),
(972, 5, 395),
(973, 1, 395),
(974, 5, 396),
(975, 3, 396),
(976, 3, 396),
(977, 4, 396),
(978, 3, 396),
(979, 3, 397),
(980, 5, 397),
(981, 3, 398),
(982, 4, 398),
(983, 1, 398),
(984, 1, 398),
(985, 2, 398),
(986, 4, 399),
(987, 5, 399),
(988, 4, 399),
(989, 4, 399),
(990, 5, 400),
(991, 3, 401),
(992, 5, 401),
(993, 2, 402),
(994, 3, 402),
(995, 3, 402),
(996, 1, 402),
(997, 4, 402),
(998, 2, 403),
(999, 3, 404),
(1000, 5, 404),
(1001, 2, 405),
(1002, 3, 405),
(1003, 5, 405),
(1004, 3, 405),
(1005, 2, 405),
(1006, 3, 406),
(1007, 1, 406),
(1008, 1, 408),
(1009, 3, 408),
(1010, 2, 408),
(1011, 4, 408),
(1012, 2, 408),
(1013, 2, 409),
(1014, 3, 409),
(1015, 5, 409),
(1016, 5, 409),
(1017, 4, 411),
(1018, 5, 412),
(1019, 1, 412),
(1020, 4, 412),
(1021, 3, 412),
(1022, 3, 413),
(1023, 4, 413),
(1024, 5, 413),
(1025, 3, 414),
(1026, 3, 414),
(1027, 2, 416),
(1028, 4, 417),
(1029, 3, 417),
(1030, 3, 417),
(1031, 5, 417),
(1032, 2, 417),
(1033, 1, 419),
(1034, 2, 419),
(1035, 1, 419),
(1036, 4, 420),
(1037, 5, 420),
(1038, 4, 420),
(1039, 5, 422),
(1040, 4, 424),
(1041, 4, 424),
(1042, 5, 424),
(1043, 4, 425),
(1044, 5, 426),
(1045, 3, 426),
(1046, 3, 426),
(1047, 3, 426),
(1048, 1, 427),
(1049, 3, 427),
(1050, 2, 427),
(1051, 5, 428),
(1052, 1, 428),
(1053, 1, 429),
(1054, 2, 429),
(1055, 3, 429),
(1056, 3, 429),
(1057, 2, 429),
(1058, 5, 430),
(1059, 4, 430),
(1060, 4, 431),
(1061, 1, 431),
(1062, 1, 431),
(1063, 3, 431),
(1064, 5, 432),
(1065, 4, 432),
(1066, 4, 432),
(1067, 5, 432),
(1068, 2, 432),
(1069, 4, 433),
(1070, 2, 433),
(1071, 5, 433),
(1072, 1, 434),
(1073, 4, 434),
(1074, 4, 434),
(1075, 5, 434),
(1076, 1, 435),
(1077, 3, 435),
(1078, 2, 435),
(1079, 1, 436),
(1080, 1, 436),
(1081, 4, 436),
(1082, 5, 436),
(1083, 2, 438),
(1084, 1, 438),
(1085, 2, 438),
(1086, 5, 439),
(1087, 3, 439),
(1088, 4, 441),
(1089, 5, 441),
(1090, 3, 441),
(1091, 1, 441),
(1092, 5, 442),
(1093, 4, 443),
(1094, 4, 443),
(1095, 1, 443),
(1096, 2, 443),
(1097, 1, 443),
(1098, 1, 444),
(1099, 3, 445),
(1100, 3, 446),
(1101, 3, 446),
(1102, 1, 446),
(1103, 4, 447),
(1104, 4, 447),
(1105, 3, 447),
(1106, 5, 447),
(1107, 4, 448),
(1108, 5, 448),
(1109, 4, 448),
(1110, 4, 448),
(1111, 4, 449),
(1112, 3, 450),
(1113, 5, 450),
(1114, 4, 451),
(1115, 3, 452),
(1116, 5, 452),
(1117, 4, 452),
(1118, 4, 453),
(1119, 5, 453),
(1120, 3, 453),
(1121, 4, 455),
(1122, 4, 456),
(1123, 5, 456),
(1124, 3, 456),
(1125, 4, 456),
(1126, 1, 456),
(1127, 5, 457),
(1128, 4, 458),
(1129, 1, 458),
(1130, 2, 459),
(1131, 2, 459),
(1132, 1, 459),
(1133, 1, 459),
(1134, 1, 459),
(1135, 2, 460),
(1136, 5, 460),
(1137, 5, 462),
(1138, 2, 462),
(1139, 2, 463),
(1140, 5, 463),
(1141, 1, 463),
(1142, 3, 463),
(1143, 1, 464),
(1144, 2, 464),
(1145, 2, 465),
(1146, 1, 465),
(1147, 2, 465),
(1148, 4, 465),
(1149, 4, 465),
(1150, 3, 466),
(1151, 4, 466),
(1152, 2, 466),
(1153, 2, 467),
(1154, 2, 468),
(1155, 5, 468),
(1156, 5, 468),
(1157, 3, 468),
(1158, 4, 468),
(1159, 5, 469),
(1160, 2, 469),
(1161, 1, 470),
(1162, 2, 470),
(1163, 3, 470),
(1164, 3, 470),
(1165, 3, 472),
(1166, 1, 472),
(1167, 5, 472),
(1168, 2, 472),
(1169, 2, 473),
(1170, 2, 473),
(1171, 3, 473),
(1172, 2, 473),
(1173, 4, 473),
(1174, 4, 474),
(1175, 5, 474),
(1176, 1, 474),
(1177, 3, 474),
(1178, 4, 476),
(1179, 4, 476),
(1180, 2, 478),
(1181, 3, 478),
(1182, 2, 478),
(1183, 3, 478),
(1184, 3, 478),
(1185, 3, 479),
(1186, 3, 483),
(1187, 1, 483),
(1188, 3, 483),
(1189, 4, 484),
(1190, 4, 484),
(1191, 2, 484),
(1192, 1, 486),
(1193, 5, 486),
(1194, 1, 486),
(1195, 5, 486),
(1196, 2, 486),
(1197, 2, 487),
(1198, 4, 487),
(1199, 2, 488),
(1200, 4, 488),
(1201, 3, 489),
(1202, 5, 490),
(1203, 3, 490),
(1204, 2, 491),
(1205, 2, 491),
(1206, 3, 491),
(1207, 1, 492),
(1208, 5, 492),
(1209, 1, 492),
(1210, 3, 492),
(1211, 5, 492),
(1212, 3, 493),
(1213, 3, 493),
(1214, 2, 495),
(1215, 5, 495),
(1216, 5, 495),
(1217, 5, 495),
(1218, 5, 495),
(1219, 2, 496),
(1220, 4, 496),
(1221, 5, 496),
(1222, 3, 496),
(1223, 4, 496),
(1224, 3, 497),
(1225, 5, 497),
(1226, 2, 497),
(1227, 1, 499),
(1228, 2, 499),
(1229, 5, 500),
(1230, 5, 501),
(1231, 4, 502),
(1232, 2, 502),
(1233, 2, 502),
(1234, 3, 502),
(1235, 5, 504),
(1236, 2, 504),
(1237, 4, 504),
(1238, 1, 506),
(1239, 4, 506),
(1240, 5, 506),
(1241, 5, 506),
(1242, 5, 507),
(1243, 1, 507),
(1244, 1, 507),
(1245, 5, 507),
(1246, 4, 508),
(1247, 5, 508),
(1248, 1, 509),
(1249, 5, 509),
(1250, 1, 509),
(1251, 1, 510),
(1252, 5, 510),
(1253, 3, 510),
(1254, 2, 511),
(1255, 3, 511),
(1256, 4, 511),
(1257, 5, 511),
(1258, 1, 512),
(1259, 3, 512),
(1260, 5, 512),
(1261, 4, 513),
(1262, 3, 513),
(1263, 4, 513),
(1264, 2, 513),
(1265, 1, 513),
(1266, 5, 514),
(1267, 4, 514),
(1268, 5, 514),
(1269, 4, 515),
(1270, 5, 516),
(1271, 3, 516),
(1272, 4, 517),
(1273, 1, 517),
(1274, 3, 518),
(1275, 2, 518),
(1276, 5, 518),
(1277, 1, 518),
(1278, 3, 519),
(1279, 5, 521),
(1280, 5, 521),
(1281, 5, 521),
(1282, 5, 521),
(1283, 5, 522),
(1284, 3, 522),
(1285, 1, 522),
(1286, 4, 522),
(1287, 5, 522),
(1288, 5, 523),
(1289, 3, 523),
(1290, 3, 523),
(1291, 1, 523),
(1292, 2, 523),
(1293, 1, 524),
(1294, 2, 524),
(1295, 5, 524),
(1296, 4, 524),
(1297, 4, 525),
(1298, 3, 526),
(1299, 2, 527),
(1300, 1, 528),
(1301, 5, 528),
(1302, 1, 530),
(1303, 1, 530),
(1304, 1, 530),
(1305, 2, 530),
(1306, 5, 531),
(1307, 5, 531),
(1308, 1, 532),
(1309, 2, 532),
(1310, 2, 533),
(1311, 3, 533),
(1312, 2, 533),
(1313, 5, 533),
(1314, 2, 533),
(1315, 2, 535),
(1316, 1, 535),
(1317, 2, 535),
(1318, 4, 535),
(1319, 4, 536),
(1320, 1, 536),
(1321, 1, 536),
(1322, 5, 536),
(1323, 2, 537),
(1324, 5, 537),
(1325, 2, 537),
(1326, 4, 537),
(1327, 2, 538),
(1328, 4, 538),
(1329, 3, 538),
(1330, 2, 538),
(1331, 3, 539),
(1332, 5, 539),
(1333, 4, 539),
(1334, 4, 539),
(1335, 3, 540),
(1336, 5, 540),
(1337, 5, 541),
(1338, 1, 541),
(1339, 5, 541),
(1340, 2, 541),
(1341, 2, 542),
(1342, 2, 542),
(1343, 5, 542),
(1344, 1, 544),
(1345, 5, 544),
(1346, 1, 544),
(1347, 5, 544),
(1348, 4, 544),
(1349, 1, 545),
(1350, 2, 545),
(1351, 4, 545),
(1352, 1, 545),
(1353, 4, 545),
(1354, 2, 546),
(1355, 3, 546),
(1356, 3, 546),
(1357, 5, 548),
(1358, 2, 548),
(1359, 3, 548),
(1360, 4, 548),
(1361, 2, 548),
(1362, 4, 549),
(1363, 2, 551),
(1364, 3, 551),
(1365, 3, 551),
(1366, 1, 551),
(1367, 1, 552),
(1368, 2, 552),
(1369, 3, 552),
(1370, 4, 552),
(1371, 4, 553),
(1372, 4, 553),
(1373, 1, 553),
(1374, 1, 553),
(1375, 1, 553),
(1376, 5, 556),
(1377, 5, 556),
(1378, 5, 556),
(1379, 5, 558),
(1380, 3, 559),
(1381, 5, 559),
(1382, 5, 560),
(1383, 2, 560),
(1384, 4, 560),
(1385, 2, 562),
(1386, 1, 563),
(1387, 1, 564),
(1388, 5, 564),
(1389, 1, 564),
(1390, 3, 564),
(1391, 4, 564),
(1392, 3, 566),
(1393, 3, 566),
(1394, 5, 566),
(1395, 5, 567),
(1396, 3, 567),
(1397, 5, 567),
(1398, 3, 567),
(1399, 1, 568),
(1400, 1, 568),
(1401, 5, 568),
(1402, 1, 568),
(1403, 2, 569),
(1404, 4, 569),
(1405, 4, 571),
(1406, 1, 571),
(1407, 4, 571),
(1408, 1, 571),
(1409, 1, 572),
(1410, 2, 572),
(1411, 3, 574),
(1412, 5, 574),
(1413, 3, 574),
(1414, 4, 574),
(1415, 1, 574),
(1416, 5, 575),
(1417, 5, 575),
(1418, 5, 576),
(1419, 1, 577),
(1420, 5, 578),
(1421, 5, 578),
(1422, 2, 578),
(1423, 4, 578),
(1424, 1, 579),
(1425, 2, 579),
(1426, 4, 579),
(1427, 3, 579),
(1428, 1, 579),
(1429, 2, 580),
(1430, 3, 580),
(1431, 5, 580),
(1432, 5, 580),
(1433, 4, 580),
(1434, 5, 581),
(1435, 4, 582),
(1436, 3, 582),
(1437, 3, 584),
(1438, 3, 584),
(1439, 1, 584),
(1440, 3, 584),
(1441, 4, 584),
(1442, 5, 585),
(1443, 4, 585),
(1444, 3, 586),
(1445, 4, 586),
(1446, 5, 586),
(1447, 2, 586),
(1448, 2, 586),
(1449, 3, 587),
(1450, 4, 587),
(1451, 3, 587),
(1452, 2, 587),
(1453, 1, 588),
(1454, 4, 588),
(1455, 2, 588),
(1456, 3, 589),
(1457, 3, 589),
(1458, 3, 589),
(1459, 1, 589),
(1460, 3, 590),
(1461, 4, 590),
(1462, 2, 590),
(1463, 5, 590),
(1464, 2, 592),
(1465, 2, 594),
(1466, 1, 595),
(1467, 2, 595),
(1468, 2, 595),
(1469, 5, 595),
(1470, 5, 595),
(1471, 4, 599),
(1472, 2, 599),
(1473, 5, 600),
(1474, 2, 600),
(1475, 5, 600),
(1476, 5, 601),
(1477, 1, 601),
(1478, 1, 601),
(1479, 2, 601),
(1480, 4, 601),
(1481, 1, 602),
(1482, 1, 602),
(1483, 1, 602),
(1484, 1, 602),
(1485, 2, 602),
(1486, 2, 603),
(1487, 3, 603),
(1488, 4, 603),
(1489, 1, 604),
(1490, 4, 605),
(1491, 2, 605),
(1492, 2, 605),
(1493, 1, 607),
(1494, 1, 607),
(1495, 2, 608),
(1496, 1, 608),
(1497, 2, 609),
(1498, 1, 609),
(1499, 4, 609),
(1500, 1, 610),
(1501, 5, 611),
(1502, 4, 611),
(1503, 2, 612),
(1504, 2, 612),
(1505, 2, 612),
(1506, 1, 613),
(1507, 1, 613),
(1508, 1, 614),
(1509, 5, 614),
(1510, 2, 616),
(1511, 1, 616),
(1512, 5, 616),
(1513, 4, 616),
(1514, 3, 616),
(1515, 3, 617),
(1516, 4, 617),
(1517, 2, 617),
(1518, 1, 617),
(1519, 1, 618),
(1520, 3, 618),
(1521, 2, 618),
(1522, 3, 618),
(1523, 3, 618),
(1524, 4, 619),
(1525, 4, 619),
(1526, 4, 620),
(1527, 3, 620),
(1528, 2, 621),
(1529, 1, 621),
(1530, 5, 621),
(1531, 1, 621),
(1532, 3, 621),
(1533, 1, 622),
(1534, 3, 623),
(1535, 2, 624),
(1536, 2, 626),
(1537, 4, 626),
(1538, 2, 626),
(1539, 1, 626),
(1540, 4, 626),
(1541, 1, 627),
(1542, 3, 627),
(1543, 1, 627),
(1544, 2, 627),
(1545, 4, 628),
(1546, 1, 628),
(1547, 5, 628),
(1548, 5, 628),
(1549, 1, 628),
(1550, 3, 629),
(1551, 1, 630),
(1552, 1, 630),
(1553, 3, 630),
(1554, 3, 630),
(1555, 3, 631),
(1556, 1, 633),
(1557, 4, 633),
(1558, 3, 633),
(1559, 3, 633),
(1560, 3, 634),
(1561, 4, 634),
(1562, 3, 634),
(1563, 2, 634),
(1564, 3, 634),
(1565, 4, 635),
(1566, 4, 635),
(1567, 2, 636),
(1568, 4, 637),
(1569, 1, 637),
(1570, 5, 637),
(1571, 3, 638),
(1572, 2, 638),
(1573, 3, 638),
(1574, 4, 640),
(1575, 1, 640),
(1576, 2, 640),
(1577, 5, 640),
(1578, 2, 640),
(1579, 4, 641),
(1580, 3, 641),
(1581, 3, 641),
(1582, 3, 641),
(1583, 2, 641),
(1584, 1, 642),
(1585, 3, 642),
(1586, 5, 642),
(1587, 3, 642),
(1588, 4, 642),
(1589, 3, 643),
(1590, 5, 643),
(1591, 4, 643),
(1592, 1, 643),
(1593, 4, 644),
(1594, 4, 644),
(1595, 5, 644),
(1596, 4, 644),
(1597, 3, 645),
(1598, 1, 645),
(1599, 5, 645),
(1600, 3, 645),
(1601, 3, 645),
(1602, 3, 646),
(1603, 3, 646),
(1604, 4, 647),
(1605, 5, 647),
(1606, 4, 648),
(1607, 2, 648),
(1608, 3, 648),
(1609, 4, 648),
(1610, 1, 648),
(1611, 5, 649),
(1612, 1, 650),
(1613, 1, 650),
(1614, 5, 650),
(1615, 3, 651),
(1616, 4, 651),
(1617, 2, 651),
(1618, 2, 651),
(1619, 3, 651),
(1620, 1, 652),
(1621, 1, 652),
(1622, 1, 652),
(1623, 5, 652),
(1624, 5, 653),
(1625, 4, 653),
(1626, 4, 653),
(1627, 5, 653),
(1628, 1, 653),
(1629, 2, 654),
(1630, 4, 654),
(1631, 1, 654),
(1632, 1, 654),
(1633, 1, 654),
(1634, 3, 656),
(1635, 5, 656),
(1636, 5, 658),
(1637, 2, 658),
(1638, 3, 658),
(1639, 4, 659),
(1640, 2, 659),
(1641, 1, 659),
(1642, 1, 659),
(1643, 4, 659),
(1644, 5, 660),
(1645, 2, 660),
(1646, 2, 662),
(1647, 2, 662),
(1648, 5, 663),
(1649, 2, 664),
(1650, 4, 664),
(1651, 4, 664),
(1652, 4, 664),
(1653, 1, 665),
(1654, 1, 666),
(1655, 5, 666),
(1656, 1, 666),
(1657, 4, 667),
(1658, 2, 668),
(1659, 4, 669),
(1660, 4, 669),
(1661, 4, 670),
(1662, 3, 671),
(1663, 5, 672),
(1664, 2, 673),
(1665, 3, 673),
(1666, 4, 673),
(1667, 1, 673),
(1668, 3, 673),
(1669, 1, 675),
(1670, 3, 675),
(1671, 5, 675),
(1672, 1, 675),
(1673, 1, 675),
(1674, 1, 677),
(1675, 3, 677),
(1676, 2, 678),
(1677, 4, 678),
(1678, 5, 679),
(1679, 5, 679),
(1680, 2, 679),
(1681, 1, 679),
(1682, 1, 680),
(1683, 5, 682),
(1684, 2, 682),
(1685, 2, 682),
(1686, 3, 682),
(1687, 1, 682),
(1688, 1, 683),
(1689, 4, 684),
(1690, 3, 684),
(1691, 4, 685),
(1692, 4, 685),
(1693, 3, 685),
(1694, 2, 685),
(1695, 5, 686),
(1696, 1, 686),
(1697, 3, 686),
(1698, 1, 686),
(1699, 4, 686),
(1700, 5, 687),
(1701, 1, 687),
(1702, 3, 687),
(1703, 5, 687),
(1704, 5, 689),
(1705, 2, 689),
(1706, 2, 689),
(1707, 5, 689),
(1708, 1, 689),
(1709, 3, 690),
(1710, 3, 690),
(1711, 5, 690),
(1712, 1, 691),
(1713, 5, 691),
(1714, 1, 692),
(1715, 3, 692),
(1716, 4, 692),
(1717, 3, 693),
(1718, 3, 693),
(1719, 1, 693),
(1720, 1, 694),
(1721, 4, 694),
(1722, 2, 694),
(1723, 3, 695),
(1724, 5, 695),
(1725, 5, 695),
(1726, 5, 695),
(1727, 2, 695),
(1728, 1, 696),
(1729, 2, 696),
(1730, 1, 696),
(1731, 2, 696),
(1732, 2, 697),
(1733, 4, 698),
(1734, 4, 698),
(1735, 5, 699),
(1736, 2, 699),
(1737, 5, 699),
(1738, 1, 700),
(1739, 1, 700),
(1740, 1, 700),
(1741, 5, 701),
(1742, 3, 701),
(1743, 3, 701),
(1744, 3, 702),
(1745, 4, 703),
(1746, 5, 703),
(1747, 4, 703),
(1748, 5, 703),
(1749, 5, 705),
(1750, 3, 706),
(1751, 3, 706),
(1752, 5, 708),
(1753, 3, 709),
(1754, 4, 709),
(1755, 1, 710),
(1756, 5, 710),
(1757, 2, 712),
(1758, 4, 713),
(1759, 4, 713),
(1760, 2, 713),
(1761, 2, 714),
(1762, 3, 714),
(1763, 4, 714),
(1764, 4, 715),
(1765, 5, 716),
(1766, 2, 716),
(1767, 4, 716),
(1768, 3, 717),
(1769, 1, 717),
(1770, 5, 717),
(1771, 4, 718),
(1772, 3, 718),
(1773, 1, 718),
(1774, 5, 720),
(1775, 2, 721),
(1776, 2, 721),
(1777, 1, 721),
(1778, 5, 721),
(1779, 5, 722),
(1780, 3, 722),
(1781, 1, 722),
(1782, 5, 722),
(1783, 5, 722),
(1784, 1, 723),
(1785, 4, 723),
(1786, 1, 723),
(1787, 3, 723),
(1788, 4, 724),
(1789, 4, 724),
(1790, 2, 724),
(1791, 3, 725),
(1792, 3, 725),
(1793, 1, 726),
(1794, 5, 726),
(1795, 4, 726),
(1796, 4, 727),
(1797, 3, 727),
(1798, 3, 729),
(1799, 4, 729),
(1800, 4, 729),
(1801, 4, 729),
(1802, 1, 730),
(1803, 2, 730),
(1804, 4, 730),
(1805, 2, 731),
(1806, 2, 732),
(1807, 3, 733),
(1808, 2, 733),
(1809, 5, 733),
(1810, 2, 733),
(1811, 2, 734),
(1812, 4, 734),
(1813, 3, 736),
(1814, 3, 736),
(1815, 2, 736),
(1816, 3, 736),
(1817, 3, 737),
(1818, 2, 737),
(1819, 3, 737),
(1820, 1, 738),
(1821, 1, 738),
(1822, 3, 738),
(1823, 4, 739),
(1824, 1, 739),
(1825, 3, 739),
(1826, 4, 739),
(1827, 3, 740),
(1828, 4, 741),
(1829, 3, 743),
(1830, 5, 744),
(1831, 2, 745),
(1832, 5, 745),
(1833, 2, 745),
(1834, 3, 745),
(1835, 2, 745),
(1836, 4, 746),
(1837, 3, 747),
(1838, 2, 747),
(1839, 4, 749),
(1840, 1, 749),
(1841, 3, 749),
(1842, 4, 750),
(1843, 4, 750),
(1844, 1, 750),
(1845, 3, 750),
(1846, 5, 751),
(1847, 3, 753),
(1848, 5, 753),
(1849, 3, 754),
(1850, 5, 754),
(1851, 1, 755),
(1852, 4, 756),
(1853, 2, 756),
(1854, 5, 757),
(1855, 2, 757),
(1856, 2, 758),
(1857, 2, 758),
(1858, 1, 758),
(1859, 1, 758),
(1860, 5, 758),
(1861, 2, 759),
(1862, 3, 759),
(1863, 3, 759),
(1864, 1, 759),
(1865, 2, 759),
(1866, 5, 760),
(1867, 4, 760),
(1868, 3, 760),
(1869, 2, 762),
(1870, 1, 762),
(1871, 5, 763),
(1872, 5, 763),
(1873, 4, 763),
(1874, 1, 763),
(1875, 5, 763),
(1876, 2, 764),
(1877, 4, 764),
(1878, 5, 764),
(1879, 1, 764),
(1880, 3, 765),
(1881, 2, 765),
(1882, 1, 765),
(1883, 5, 765),
(1884, 2, 766),
(1885, 1, 766),
(1886, 2, 766),
(1887, 5, 767),
(1888, 2, 767),
(1889, 1, 767),
(1890, 2, 767),
(1891, 1, 769),
(1892, 1, 769),
(1893, 1, 769),
(1894, 1, 769),
(1895, 1, 769),
(1896, 5, 770),
(1897, 5, 770),
(1898, 5, 770),
(1899, 4, 770),
(1900, 5, 770),
(1901, 3, 771),
(1902, 5, 771),
(1903, 4, 771),
(1904, 1, 771),
(1905, 3, 771),
(1906, 4, 772),
(1907, 5, 772),
(1908, 5, 772),
(1909, 5, 772),
(1910, 5, 772),
(1911, 4, 773),
(1912, 4, 774),
(1913, 3, 774),
(1914, 3, 774),
(1915, 1, 774),
(1916, 4, 774),
(1917, 1, 775),
(1918, 5, 775),
(1919, 2, 775),
(1920, 4, 775),
(1921, 3, 775),
(1922, 2, 776),
(1923, 5, 776),
(1924, 3, 776),
(1925, 2, 776),
(1926, 1, 777),
(1927, 5, 778),
(1928, 5, 778),
(1929, 1, 778),
(1930, 4, 778),
(1931, 1, 778),
(1932, 3, 779),
(1933, 3, 779),
(1934, 2, 779),
(1935, 5, 782),
(1936, 4, 782),
(1937, 1, 783),
(1938, 3, 783),
(1939, 3, 783),
(1940, 2, 784),
(1941, 4, 784),
(1942, 4, 784),
(1943, 1, 784),
(1944, 3, 785),
(1945, 2, 787),
(1946, 5, 787),
(1947, 1, 787),
(1948, 1, 787),
(1949, 5, 788),
(1950, 3, 788),
(1951, 5, 788),
(1952, 1, 788),
(1953, 4, 789),
(1954, 3, 790),
(1955, 2, 790),
(1956, 3, 790),
(1957, 5, 790),
(1958, 3, 790),
(1959, 2, 791),
(1960, 3, 791),
(1961, 1, 791),
(1962, 5, 791),
(1963, 4, 791),
(1964, 1, 792),
(1965, 2, 792),
(1966, 3, 792),
(1967, 2, 793),
(1968, 1, 793),
(1969, 1, 793),
(1970, 4, 794),
(1971, 1, 794),
(1972, 2, 794),
(1973, 5, 795),
(1974, 4, 795),
(1975, 3, 795),
(1976, 4, 795),
(1977, 1, 795),
(1978, 1, 796),
(1979, 2, 796),
(1980, 3, 797),
(1981, 2, 797),
(1982, 4, 797),
(1983, 5, 797),
(1984, 1, 798),
(1985, 2, 798),
(1986, 3, 798),
(1987, 1, 800),
(1988, 1, 800),
(1989, 4, 801),
(1990, 5, 801),
(1991, 5, 801),
(1992, 3, 801),
(1993, 1, 802),
(1994, 2, 802),
(1995, 2, 802),
(1996, 4, 803),
(1997, 3, 803),
(1998, 2, 803),
(1999, 4, 803),
(2000, 2, 804),
(2001, 1, 805),
(2002, 3, 806),
(2003, 2, 806),
(2004, 1, 807),
(2005, 4, 807),
(2006, 2, 808),
(2007, 2, 809),
(2008, 2, 809),
(2009, 3, 809),
(2010, 4, 809),
(2011, 3, 809),
(2012, 5, 811),
(2013, 5, 812),
(2014, 3, 812),
(2015, 4, 812),
(2016, 2, 812),
(2017, 4, 813),
(2018, 2, 813),
(2019, 5, 814),
(2020, 3, 814),
(2021, 4, 814),
(2022, 1, 815),
(2023, 2, 815),
(2024, 3, 815),
(2025, 3, 815),
(2026, 1, 815),
(2027, 3, 816),
(2028, 1, 816),
(2029, 4, 816),
(2030, 5, 816),
(2031, 3, 816),
(2032, 2, 817),
(2033, 5, 817),
(2034, 2, 819),
(2035, 1, 819),
(2036, 5, 820),
(2037, 1, 820),
(2038, 4, 820),
(2039, 1, 820),
(2040, 4, 820),
(2041, 5, 821),
(2042, 4, 821),
(2043, 2, 822),
(2044, 3, 822),
(2045, 1, 822),
(2046, 5, 822),
(2047, 4, 822),
(2048, 3, 823),
(2049, 5, 823),
(2050, 4, 823),
(2051, 5, 823),
(2052, 5, 823),
(2053, 1, 824),
(2054, 5, 824),
(2055, 5, 824),
(2056, 1, 825),
(2057, 3, 825),
(2058, 2, 825),
(2059, 3, 825),
(2060, 2, 825),
(2061, 5, 826),
(2062, 3, 826),
(2063, 2, 827),
(2064, 3, 828),
(2065, 3, 829),
(2066, 4, 831),
(2067, 5, 831),
(2068, 2, 831),
(2069, 2, 832),
(2070, 2, 833),
(2071, 4, 833),
(2072, 2, 833),
(2073, 1, 833),
(2074, 1, 833),
(2075, 3, 834),
(2076, 1, 834),
(2077, 1, 834),
(2078, 5, 835),
(2079, 4, 835),
(2080, 3, 835),
(2081, 1, 835),
(2082, 2, 835),
(2083, 4, 836),
(2084, 1, 837),
(2085, 2, 837),
(2086, 2, 837),
(2087, 5, 838),
(2088, 4, 838),
(2089, 2, 838),
(2090, 4, 838),
(2091, 5, 839),
(2092, 2, 839),
(2093, 1, 839),
(2094, 4, 839),
(2095, 2, 839),
(2096, 5, 840),
(2097, 4, 840),
(2098, 5, 840),
(2099, 1, 840),
(2100, 5, 840),
(2101, 5, 841),
(2102, 2, 841),
(2103, 1, 841),
(2104, 2, 842),
(2105, 3, 842),
(2106, 1, 842),
(2107, 2, 843),
(2108, 5, 844),
(2109, 4, 845),
(2110, 2, 845),
(2111, 2, 845),
(2112, 3, 845),
(2113, 1, 845),
(2114, 1, 846),
(2115, 5, 846),
(2116, 2, 848),
(2117, 1, 849),
(2118, 3, 849),
(2119, 3, 849),
(2120, 5, 849),
(2121, 5, 849),
(2122, 3, 851),
(2123, 1, 851),
(2124, 2, 851),
(2125, 4, 851),
(2126, 3, 854),
(2127, 5, 854),
(2128, 4, 855),
(2129, 4, 855),
(2130, 4, 855),
(2131, 3, 855),
(2132, 1, 856),
(2133, 5, 857),
(2134, 2, 857),
(2135, 5, 857),
(2136, 5, 857),
(2137, 4, 857),
(2138, 1, 859),
(2139, 1, 859),
(2140, 5, 859),
(2141, 3, 859),
(2142, 5, 861),
(2143, 4, 861),
(2144, 3, 862),
(2145, 2, 862),
(2146, 2, 863),
(2147, 3, 863),
(2148, 2, 863),
(2149, 1, 863),
(2150, 3, 864),
(2151, 1, 864),
(2152, 5, 864),
(2153, 3, 865),
(2154, 3, 866),
(2155, 2, 866),
(2156, 5, 866),
(2157, 2, 866),
(2158, 2, 866),
(2159, 3, 867),
(2160, 5, 867),
(2161, 4, 867),
(2162, 4, 868),
(2163, 4, 869),
(2164, 1, 870),
(2165, 2, 871),
(2166, 2, 871),
(2167, 2, 871),
(2168, 4, 873),
(2169, 1, 875),
(2170, 1, 875),
(2171, 4, 875),
(2172, 2, 875),
(2173, 2, 875),
(2174, 1, 876),
(2175, 3, 876),
(2176, 1, 876),
(2177, 3, 876),
(2178, 5, 877),
(2179, 4, 877),
(2180, 2, 877),
(2181, 3, 878),
(2182, 5, 878),
(2183, 1, 878),
(2184, 3, 878),
(2185, 3, 878),
(2186, 1, 879),
(2187, 2, 879),
(2188, 3, 882),
(2189, 4, 882),
(2190, 5, 882),
(2191, 4, 882),
(2192, 1, 882),
(2193, 4, 883),
(2194, 3, 883),
(2195, 3, 884),
(2196, 1, 885),
(2197, 1, 886),
(2198, 1, 886),
(2199, 3, 886),
(2200, 3, 886),
(2201, 3, 886),
(2202, 5, 887),
(2203, 4, 887),
(2204, 5, 887),
(2205, 3, 887),
(2206, 5, 888),
(2207, 3, 888),
(2208, 3, 888),
(2209, 5, 888),
(2210, 5, 888),
(2211, 2, 889),
(2212, 2, 889),
(2213, 1, 889),
(2214, 1, 890),
(2215, 3, 891),
(2216, 4, 891),
(2217, 3, 891),
(2218, 4, 891),
(2219, 3, 892),
(2220, 2, 893),
(2221, 1, 893),
(2222, 3, 894),
(2223, 3, 894),
(2224, 1, 895),
(2225, 1, 895),
(2226, 2, 895),
(2227, 4, 895),
(2228, 3, 896),
(2229, 3, 897),
(2230, 3, 897),
(2231, 5, 897),
(2232, 4, 898),
(2233, 5, 898),
(2234, 5, 898),
(2235, 1, 899),
(2236, 4, 899),
(2237, 4, 899),
(2238, 4, 899),
(2239, 1, 900),
(2240, 4, 901),
(2241, 3, 901),
(2242, 3, 901),
(2243, 4, 903),
(2244, 4, 903),
(2245, 2, 904),
(2246, 2, 904),
(2247, 5, 905),
(2248, 4, 905),
(2249, 5, 907),
(2250, 1, 907),
(2251, 2, 908),
(2252, 4, 908),
(2253, 1, 912),
(2254, 3, 912),
(2255, 5, 912),
(2256, 3, 912),
(2257, 2, 912),
(2258, 2, 913),
(2259, 2, 913),
(2260, 2, 914),
(2261, 1, 914),
(2262, 1, 914),
(2263, 2, 914),
(2264, 4, 915),
(2265, 3, 915),
(2266, 1, 915),
(2267, 3, 915),
(2268, 5, 916),
(2269, 5, 916),
(2270, 5, 916),
(2271, 4, 917),
(2272, 3, 917),
(2273, 5, 918),
(2274, 5, 918),
(2275, 3, 918),
(2276, 4, 918),
(2277, 1, 920),
(2278, 1, 921),
(2279, 5, 922),
(2280, 5, 922),
(2281, 2, 922),
(2282, 1, 922),
(2283, 2, 923),
(2284, 4, 923),
(2285, 2, 923),
(2286, 1, 924),
(2287, 1, 925),
(2288, 3, 925),
(2289, 5, 925),
(2290, 4, 925),
(2291, 5, 926),
(2292, 1, 926),
(2293, 4, 927),
(2294, 5, 927),
(2295, 3, 928),
(2296, 3, 928),
(2297, 4, 928),
(2298, 5, 929),
(2299, 1, 929),
(2300, 1, 929),
(2301, 2, 929),
(2302, 3, 930),
(2303, 4, 931),
(2304, 1, 931),
(2305, 2, 932),
(2306, 4, 932),
(2307, 1, 933),
(2308, 5, 934),
(2309, 4, 934),
(2310, 1, 934),
(2311, 1, 934),
(2312, 3, 934),
(2313, 2, 935),
(2314, 5, 935),
(2315, 4, 935),
(2316, 2, 936),
(2317, 1, 938),
(2318, 3, 938),
(2319, 5, 938),
(2320, 2, 938),
(2321, 1, 939),
(2322, 1, 939),
(2323, 4, 939),
(2324, 1, 939),
(2325, 5, 940),
(2326, 1, 940),
(2327, 5, 940),
(2328, 5, 941),
(2329, 4, 942),
(2330, 2, 942),
(2331, 3, 942),
(2332, 2, 943),
(2333, 2, 943),
(2334, 2, 943),
(2335, 4, 943),
(2336, 3, 943),
(2337, 4, 944),
(2338, 4, 944),
(2339, 1, 945),
(2340, 1, 945),
(2341, 1, 945),
(2342, 2, 945),
(2343, 4, 945),
(2344, 1, 946),
(2345, 3, 946),
(2346, 3, 946),
(2347, 5, 946),
(2348, 4, 946),
(2349, 5, 947),
(2350, 1, 947),
(2351, 4, 947),
(2352, 3, 947),
(2353, 2, 947),
(2354, 4, 948),
(2355, 5, 948),
(2356, 1, 949),
(2357, 3, 949),
(2358, 1, 949),
(2359, 5, 949),
(2360, 2, 950),
(2361, 2, 950),
(2362, 1, 950),
(2363, 1, 951),
(2364, 3, 952),
(2365, 1, 952),
(2366, 1, 952),
(2367, 2, 953),
(2368, 5, 953),
(2369, 2, 953),
(2370, 3, 955),
(2371, 5, 955),
(2372, 4, 956),
(2373, 2, 956),
(2374, 4, 956),
(2375, 4, 958),
(2376, 2, 958),
(2377, 1, 958),
(2378, 4, 958),
(2379, 2, 959),
(2380, 3, 959),
(2381, 1, 961),
(2382, 5, 961),
(2383, 5, 961),
(2384, 4, 962),
(2385, 1, 962),
(2386, 1, 962),
(2387, 4, 962),
(2388, 2, 962),
(2389, 3, 963),
(2390, 3, 963),
(2391, 4, 963),
(2392, 4, 964),
(2393, 1, 964),
(2394, 1, 965),
(2395, 5, 965),
(2396, 1, 966),
(2397, 3, 967),
(2398, 1, 967),
(2399, 1, 968),
(2400, 3, 969),
(2401, 3, 969),
(2402, 5, 969),
(2403, 3, 969),
(2404, 3, 969),
(2405, 2, 970),
(2406, 2, 970),
(2407, 5, 971),
(2408, 1, 972),
(2409, 3, 972),
(2410, 3, 973),
(2411, 5, 973),
(2412, 2, 973),
(2413, 4, 973),
(2414, 4, 973),
(2415, 2, 974),
(2416, 3, 975),
(2417, 2, 975),
(2418, 4, 977),
(2419, 4, 977),
(2420, 1, 977),
(2421, 3, 977),
(2422, 5, 977),
(2423, 4, 978),
(2424, 1, 978),
(2425, 3, 980),
(2426, 1, 982),
(2427, 4, 982),
(2428, 2, 982),
(2429, 3, 983),
(2430, 1, 983),
(2431, 5, 983),
(2432, 4, 984),
(2433, 4, 984),
(2434, 5, 985),
(2435, 2, 985),
(2436, 4, 985),
(2437, 4, 985),
(2438, 4, 985),
(2439, 5, 986),
(2440, 2, 988),
(2441, 1, 988),
(2442, 2, 988),
(2443, 4, 988),
(2444, 3, 988),
(2445, 1, 989),
(2446, 2, 989),
(2447, 2, 989),
(2448, 5, 991),
(2449, 1, 993),
(2450, 4, 993),
(2451, 2, 993),
(2452, 3, 993),
(2453, 1, 994),
(2454, 5, 994),
(2455, 4, 995),
(2456, 4, 996),
(2457, 5, 996),
(2458, 3, 996),
(2459, 5, 996),
(2460, 3, 996),
(2461, 3, 997),
(2462, 5, 997),
(2463, 5, 998),
(2464, 2, 999),
(2465, 3, 1000),
(2466, 3, 1000),
(2467, 2, 1000),
(2468, 5, 1000),
(2469, 4, 1000);

-- --------------------------------------------------------

--
-- Struktura tabeli dla tabeli `pracownik`
--

CREATE TABLE IF NOT EXISTS `pracownik` (
  `id` int(11) NOT NULL AUTO_INCREMENT,
  `imie` varchar(45) NOT NULL,
  `nazwisko` varchar(45) NOT NULL,
  `miejscowosc` varchar(45) NOT NULL,
  `ulica` varchar(45) DEFAULT NULL,
  `numer` varchar(45) DEFAULT NULL,
  `telefon` varchar(45) DEFAULT NULL,
  PRIMARY KEY (`id`)
) ENGINE=InnoDB  DEFAULT CHARSET=utf8 AUTO_INCREMENT=121 ;

--
-- Zrzut danych tabeli `pracownik`
--

INSERT INTO `pracownik` (`id`, `imie`, `nazwisko`, `miejscowosc`, `ulica`, `numer`, `telefon`) VALUES
(1, 'Kastor', 'Garbacki', 'Kemawe', 'Kanałowa', '3 / 33', '971-398-775-785'),
(2, 'Szarlota', 'Doliwa', 'Kitihe', 'Starozamkowa', '68 / 51', '340-322-106-280'),
(3, 'Cezaryna', 'Koza', 'Mobobunu', 'Wodna', '4', '025-306-104-757'),
(4, 'Wesna', 'Sypuła', 'Nilasa', 'Śląska', '37', '302-542-930-987'),
(5, 'Patrycja', 'Woźna', 'Pamesimipo', 'Szybowników', '71 / 4', '672-899-665-455'),
(6, 'Bodosław', 'Waśkowski', 'Pubekowabu', 'Akacjowa', '20', '311-943-443-370'),
(7, 'Ludwika', 'Małolepsza', 'Mofila', 'Henrykowska', '58 / 28', '562-738-389-808'),
(8, 'Kiliana', 'Basta', 'Kalo', 'Bilewiczówny Oleńki', '16', '191-624-646-495'),
(9, 'Hadriana', 'Jagieła', 'Sepupa', 'Chopina Fryderyka', '68', '606-515-403-558'),
(10, 'Lesław', 'Niebrzydowski', 'Kigi', 'Wesoła', '13 / 34', '733-619-329-268'),
(11, 'Wiara', 'Pacuła', 'Kafo', 'Kiepury Jana', '94 / 14', '764-015-546-629'),
(12, 'Wisław', 'Radziejewski', 'Parzahiti', 'Wiewiórkowa', '52 / 18', '830-688-424-310'),
(13, 'Roman', 'Bartos', 'Samutodewi', 'Henrykowska', '25 / 23', '231-057-327-546'),
(14, 'Witołd', 'Marcinkowski', 'Nubenepulo', 'Kosynierów', '36', '146-287-539-669'),
(15, 'Szczepan', 'Piechnik', 'Nehorzofuke', 'Miśnieńska', '5 / 50', '687-187-532-658'),
(16, 'Aron', 'Pośpiech', 'Keperifori', 'Reymonta Władysława', '54 / 11', '607-229-712-730'),
(17, 'Anatol', 'Turczyński', 'Koho', 'Kujawska', '43 / 57', '662-940-419-295'),
(18, 'Edwin', 'Zasadzki', 'Nedefarza', 'Mikołajczyka Stanisława', '58', '991-331-502-617'),
(19, 'Bernadeta', 'Reda', 'Kefugufo', 'Zakątek', '95', '819-476-021-321'),
(20, 'Władysława', 'Goska', 'Necolo', 'Rynek Zaborowski', '10 / 40', '435-235-483-963');

-- --------------------------------------------------------

--
-- Struktura tabeli dla tabeli `producent`
--

CREATE TABLE IF NOT EXISTS `producent` (
  `id` int(11) NOT NULL AUTO_INCREMENT,
  `nazwa` varchar(45) NOT NULL,
  `kraj` varchar(45) NOT NULL,
  PRIMARY KEY (`id`)
) ENGINE=InnoDB  DEFAULT CHARSET=utf8 AUTO_INCREMENT=21 ;

--
-- Zrzut danych tabeli `producent`
--

INSERT INTO `producent` (`id`, `nazwa`, `kraj`) VALUES
(1, 'producent 1', 'USA'),
(2, 'producent 2', 'Francja'),
(3, 'producent 3', 'Chorwacja'),
(4, 'producent 4', 'Tajwan'),
(5, 'producent 5', 'Niemcy'),
(6, 'producent 6', 'Niemcy'),
(7, 'producent 7', 'Chiny'),
(8, 'producent 8', 'Wielka Brytania'),
(9, 'producent 9', 'Polska'),
(10, 'producent 10', 'Chiny'),
(11, 'producent 11', 'Francja'),
(12, 'producent 12', 'Chiny'),
(13, 'producent 13', 'Polska'),
(14, 'producent 14', 'Tajwan'),
(15, 'producent 15', 'Francja'),
(16, 'producent 16', 'Chiny'),
(17, 'producent 17', 'Francja'),
(18, 'producent 18', 'Tajwan'),
(19, 'producent 19', 'USA'),
(20, 'producent 20', 'Niemcy');

-- --------------------------------------------------------

--
-- Struktura tabeli dla tabeli `produkt`
--

CREATE TABLE IF NOT EXISTS `produkt` (
  `id` int(11) NOT NULL AUTO_INCREMENT,
  `nazwa` varchar(100) NOT NULL,
  `kategoria_id` int(11) NOT NULL,
  `producent_id` int(11) NOT NULL,
  `cena` float NOT NULL,
  `ilosc` int(11) DEFAULT NULL,
  PRIMARY KEY (`id`,`kategoria_id`,`producent_id`),
  KEY `fk_produkt_kategoria_idx` (`kategoria_id`),
  KEY `fk_produkt_producent1_idx` (`producent_id`)
) ENGINE=InnoDB  DEFAULT CHARSET=utf8 AUTO_INCREMENT=1001 ;

--
-- Zrzut danych tabeli `produkt`
--

INSERT INTO `produkt` (`id`, `nazwa`, `kategoria_id`, `producent_id`, `cena`, `ilosc`) VALUES
(1, 'Produkt 1', 22, 1, 1592.66, 56),
(2, 'Produkt 2', 11, 2, 785.71, 57),
(3, 'Produkt 3', 24, 9, 1739.72, 64),
(4, 'Produkt 4', 6, 10, 1523.82, 27),
(5, 'Produkt 5', 28, 6, 1487.26, 50),
(6, 'Produkt 6', 18, 13, 1896.33, 59),
(7, 'Produkt 7', 8, 13, 1015.08, 58),
(8, 'Produkt 8', 11, 20, 867.6, 99),
(9, 'Produkt 9', 13, 15, 941.81, 26),
(10, 'Produkt 10', 28, 18, 82.49, 0),
(11, 'Produkt 11', 3, 11, 1818.68, 70),
(12, 'Produkt 12', 28, 20, 1378.04, 2),
(13, 'Produkt 13', 34, 13, 1641.27, 45),
(14, 'Produkt 14', 26, 5, 279.29, 3),
(15, 'Produkt 15', 50, 20, 1337.24, 34),
(16, 'Produkt 16', 30, 11, 1495.98, 35),
(17, 'Produkt 17', 19, 13, 274.11, 15),
(18, 'Produkt 18', 25, 11, 425.32, 40),
(19, 'Produkt 19', 18, 10, 1757.98, 36),
(20, 'Produkt 20', 14, 6, 655.76, 44),
(21, 'Produkt 21', 24, 1, 529.3, 96),
(22, 'Produkt 22', 8, 2, 1458.68, 32),
(23, 'Produkt 23', 49, 1, 268.62, 10),
(24, 'Produkt 24', 6, 6, 1295.22, 24),
(25, 'Produkt 25', 28, 10, 1092.31, 97),
(26, 'Produkt 26', 38, 16, 1315.96, 51),
(27, 'Produkt 27', 9, 3, 1056.37, 40),
(28, 'Produkt 28', 2, 3, 854.71, 24),
(29, 'Produkt 29', 36, 6, 1651.11, 77),
(30, 'Produkt 30', 50, 19, 934.25, 19),
(31, 'Produkt 31', 41, 14, 1308.95, 61),
(32, 'Produkt 32', 27, 19, 1767.08, 41),
(33, 'Produkt 33', 27, 2, 894.16, 46),
(34, 'Produkt 34', 6, 9, 252.15, 7),
(35, 'Produkt 35', 11, 3, 1213.59, 56),
(36, 'Produkt 36', 28, 6, 1474.66, 20),
(37, 'Produkt 37', 7, 3, 508.43, 63),
(38, 'Produkt 38', 40, 11, 207.75, 39),
(39, 'Produkt 39', 13, 11, 1958, 60),
(40, 'Produkt 40', 30, 6, 412.3, 60),
(41, 'Produkt 41', 4, 3, 1181.4, 38),
(42, 'Produkt 42', 15, 4, 736.65, 86),
(43, 'Produkt 43', 13, 7, 1731.39, 58),
(44, 'Produkt 44', 30, 10, 17.35, 5),
(45, 'Produkt 45', 24, 6, 600.04, 30),
(46, 'Produkt 46', 16, 13, 777.93, 69),
(47, 'Produkt 47', 4, 9, 1718.5, 84),
(48, 'Produkt 48', 3, 1, 727.65, 56),
(49, 'Produkt 49', 46, 8, 1452.8, 48),
(50, 'Produkt 50', 4, 16, 267.2, 60),
(51, 'Produkt 51', 3, 8, 107.54, 22),
(52, 'Produkt 52', 46, 10, 1981.53, 56),
(53, 'Produkt 53', 25, 11, 1425.66, 52),
(54, 'Produkt 54', 15, 20, 144.54, 81),
(55, 'Produkt 55', 1, 3, 86.22, 6),
(56, 'Produkt 56', 34, 20, 215.86, 4),
(57, 'Produkt 57', 41, 12, 1207.09, 51),
(58, 'Produkt 58', 9, 1, 344.56, 4),
(59, 'Produkt 59', 16, 3, 1843.76, 22),
(60, 'Produkt 60', 14, 2, 867.96, 46),
(61, 'Produkt 61', 48, 13, 485.06, 5),
(62, 'Produkt 62', 24, 6, 1807.33, 52),
(63, 'Produkt 63', 41, 7, 564.89, 4),
(64, 'Produkt 64', 9, 17, 375.68, 80),
(65, 'Produkt 65', 26, 10, 1947.03, 22),
(66, 'Produkt 66', 19, 13, 469.47, 96),
(67, 'Produkt 67', 42, 5, 438.83, 35),
(68, 'Produkt 68', 19, 19, 175.37, 52),
(69, 'Produkt 69', 29, 7, 1280.98, 63),
(70, 'Produkt 70', 31, 8, 1268.05, 57),
(71, 'Produkt 71', 12, 17, 652.28, 50),
(72, 'Produkt 72', 17, 9, 706.88, 58),
(73, 'Produkt 73', 39, 18, 1171.37, 36),
(74, 'Produkt 74', 21, 7, 140.68, 8),
(75, 'Produkt 75', 18, 11, 1393.48, 34),
(76, 'Produkt 76', 1, 18, 1405.53, 46),
(77, 'Produkt 77', 8, 7, 1309.18, 2),
(78, 'Produkt 78', 24, 19, 25.45, 71),
(79, 'Produkt 79', 2, 7, 1848.13, 21),
(80, 'Produkt 80', 45, 8, 710.19, 13),
(81, 'Produkt 81', 17, 10, 380.86, 69),
(82, 'Produkt 82', 2, 19, 859.95, 16),
(83, 'Produkt 83', 30, 14, 207.46, 95),
(84, 'Produkt 84', 47, 12, 57.18, 6),
(85, 'Produkt 85', 20, 9, 72.39, 97),
(86, 'Produkt 86', 40, 15, 1579.28, 68),
(87, 'Produkt 87', 47, 12, 1655.19, 91),
(88, 'Produkt 88', 31, 12, 1885.37, 21),
(89, 'Produkt 89', 47, 1, 1072.25, 94),
(90, 'Produkt 90', 50, 3, 124.03, 97),
(91, 'Produkt 91', 18, 10, 380.54, 93),
(92, 'Produkt 92', 44, 18, 1631.08, 5),
(93, 'Produkt 93', 3, 8, 1069.39, 21),
(94, 'Produkt 94', 16, 11, 1430.29, 23),
(95, 'Produkt 95', 35, 8, 1570.21, 35),
(96, 'Produkt 96', 11, 13, 1732.16, 57),
(97, 'Produkt 97', 18, 6, 750.28, 87),
(98, 'Produkt 98', 2, 14, 1436.66, 21),
(99, 'Produkt 99', 17, 15, 1413.44, 1),
(100, 'Produkt 100', 30, 10, 1627.96, 20),
(101, 'Produkt 101', 46, 19, 1801.9, 51),
(102, 'Produkt 102', 41, 1, 1078.23, 12),
(103, 'Produkt 103', 5, 9, 1095.95, 28),
(104, 'Produkt 104', 24, 9, 1751.32, 94),
(105, 'Produkt 105', 17, 20, 911.71, 23),
(106, 'Produkt 106', 45, 8, 295.59, 68),
(107, 'Produkt 107', 16, 2, 805.94, 98),
(108, 'Produkt 108', 41, 3, 1544.59, 24),
(109, 'Produkt 109', 35, 16, 1768.69, 62),
(110, 'Produkt 110', 1, 2, 23.85, 10),
(111, 'Produkt 111', 43, 11, 1729.14, 45),
(112, 'Produkt 112', 6, 13, 1442.6, 8),
(113, 'Produkt 113', 31, 19, 1057.3, 77),
(114, 'Produkt 114', 19, 19, 200.58, 11),
(115, 'Produkt 115', 2, 7, 56.77, 55),
(116, 'Produkt 116', 17, 12, 883.71, 94),
(117, 'Produkt 117', 8, 15, 468.5, 28),
(118, 'Produkt 118', 34, 7, 1765.89, 92),
(119, 'Produkt 119', 36, 9, 973.54, 62),
(120, 'Produkt 120', 46, 1, 305.75, 76),
(121, 'Produkt 121', 47, 17, 688.78, 24),
(122, 'Produkt 122', 8, 3, 653.38, 25),
(123, 'Produkt 123', 13, 5, 667.68, 50),
(124, 'Produkt 124', 43, 12, 1145.07, 2),
(125, 'Produkt 125', 3, 10, 1403.09, 24),
(126, 'Produkt 126', 28, 12, 1803.12, 32),
(127, 'Produkt 127', 23, 16, 326.91, 53),
(128, 'Produkt 128', 31, 7, 1840.52, 71),
(129, 'Produkt 129', 4, 9, 1302.91, 39),
(130, 'Produkt 130', 3, 13, 1153.72, 85),
(131, 'Produkt 131', 36, 11, 137.44, 56),
(132, 'Produkt 132', 8, 18, 1828.43, 26),
(133, 'Produkt 133', 6, 18, 73.2, 26),
(134, 'Produkt 134', 19, 12, 1639.28, 5),
(135, 'Produkt 135', 41, 10, 1288.98, 94),
(136, 'Produkt 136', 49, 7, 1546.65, 67),
(137, 'Produkt 137', 39, 10, 402.43, 97),
(138, 'Produkt 138', 39, 6, 1199.38, 66),
(139, 'Produkt 139', 8, 1, 1967.77, 49),
(140, 'Produkt 140', 50, 5, 433.52, 40),
(141, 'Produkt 141', 6, 12, 1977.58, 8),
(142, 'Produkt 142', 47, 2, 771.11, 88),
(143, 'Produkt 143', 28, 3, 1360.52, 58),
(144, 'Produkt 144', 36, 15, 925.9, 41),
(145, 'Produkt 145', 39, 16, 1485.11, 73),
(146, 'Produkt 146', 4, 17, 292.08, 43),
(147, 'Produkt 147', 17, 8, 1656.45, 3),
(148, 'Produkt 148', 5, 9, 460.11, 18),
(149, 'Produkt 149', 40, 8, 615.99, 47),
(150, 'Produkt 150', 47, 17, 700.38, 54),
(151, 'Produkt 151', 20, 13, 41.27, 21),
(152, 'Produkt 152', 31, 7, 1475.01, 68),
(153, 'Produkt 153', 41, 1, 53.68, 41),
(154, 'Produkt 154', 36, 20, 1932.6, 92),
(155, 'Produkt 155', 2, 8, 704.21, 95),
(156, 'Produkt 156', 11, 3, 1408.94, 37),
(157, 'Produkt 157', 46, 20, 1487.17, 15),
(158, 'Produkt 158', 8, 12, 926.83, 78),
(159, 'Produkt 159', 5, 12, 832.98, 59),
(160, 'Produkt 160', 20, 18, 697.75, 22),
(161, 'Produkt 161', 34, 20, 1605.9, 78),
(162, 'Produkt 162', 23, 10, 1619.66, 86),
(163, 'Produkt 163', 48, 16, 612.8, 98),
(164, 'Produkt 164', 6, 4, 779.77, 70),
(165, 'Produkt 165', 10, 4, 94.87, 90),
(166, 'Produkt 166', 17, 1, 949.2, 36),
(167, 'Produkt 167', 22, 17, 1232.4, 46),
(168, 'Produkt 168', 42, 2, 91.85, 78),
(169, 'Produkt 169', 5, 8, 1642.53, 58),
(170, 'Produkt 170', 1, 2, 853.04, 0),
(171, 'Produkt 171', 44, 7, 879.98, 88),
(172, 'Produkt 172', 27, 5, 71.33, 93),
(173, 'Produkt 173', 21, 15, 1935.84, 43),
(174, 'Produkt 174', 11, 20, 269.26, 2),
(175, 'Produkt 175', 6, 3, 741.28, 57),
(176, 'Produkt 176', 34, 15, 1157.06, 11),
(177, 'Produkt 177', 40, 1, 1663.29, 56),
(178, 'Produkt 178', 8, 12, 1134.46, 12),
(179, 'Produkt 179', 27, 16, 1005.5, 39),
(180, 'Produkt 180', 12, 3, 786.39, 81),
(181, 'Produkt 181', 16, 8, 511.84, 53),
(182, 'Produkt 182', 28, 4, 386.74, 53),
(183, 'Produkt 183', 47, 4, 860.37, 68),
(184, 'Produkt 184', 34, 11, 1395.15, 98),
(185, 'Produkt 185', 29, 12, 1168.96, 46),
(186, 'Produkt 186', 33, 14, 1962.69, 95),
(187, 'Produkt 187', 34, 18, 491.1, 27),
(188, 'Produkt 188', 48, 12, 422.69, 8),
(189, 'Produkt 189', 33, 17, 1321.62, 94),
(190, 'Produkt 190', 6, 8, 799.41, 62),
(191, 'Produkt 191', 31, 16, 1088.42, 52),
(192, 'Produkt 192', 28, 6, 305.85, 10),
(193, 'Produkt 193', 8, 18, 1658.28, 4),
(194, 'Produkt 194', 11, 4, 836.48, 23),
(195, 'Produkt 195', 4, 8, 836.54, 27),
(196, 'Produkt 196', 22, 7, 480.98, 51),
(197, 'Produkt 197', 8, 19, 1866.91, 39),
(198, 'Produkt 198', 33, 7, 1010, 3),
(199, 'Produkt 199', 46, 13, 925.19, 86),
(200, 'Produkt 200', 5, 15, 1386.92, 26),
(201, 'Produkt 201', 14, 13, 632.99, 6),
(202, 'Produkt 202', 32, 16, 1258.57, 74),
(203, 'Produkt 203', 23, 20, 1541.57, 13),
(204, 'Produkt 204', 23, 3, 460.01, 84),
(205, 'Produkt 205', 30, 6, 1644.48, 66),
(206, 'Produkt 206', 44, 16, 517.28, 55),
(207, 'Produkt 207', 29, 10, 1872.41, 44),
(208, 'Produkt 208', 1, 12, 140.11, 19),
(209, 'Produkt 209', 36, 13, 1591.86, 26),
(210, 'Produkt 210', 31, 5, 726.72, 19),
(211, 'Produkt 211', 29, 11, 105.93, 62),
(212, 'Produkt 212', 38, 15, 1862.54, 81),
(213, 'Produkt 213', 36, 16, 158.08, 47),
(214, 'Produkt 214', 29, 9, 821.98, 90),
(215, 'Produkt 215', 18, 3, 1428.85, 1),
(216, 'Produkt 216', 5, 13, 65.16, 65),
(217, 'Produkt 217', 10, 11, 33.62, 39),
(218, 'Produkt 218', 48, 6, 741.67, 36),
(219, 'Produkt 219', 10, 15, 28.38, 47),
(220, 'Produkt 220', 3, 18, 186.31, 18),
(221, 'Produkt 221', 13, 2, 905.44, 60),
(222, 'Produkt 222', 24, 3, 1422.86, 83),
(223, 'Produkt 223', 50, 7, 1094.24, 33),
(224, 'Produkt 224', 4, 12, 662.83, 37),
(225, 'Produkt 225', 25, 4, 1461.03, 19),
(226, 'Produkt 226', 19, 15, 803.17, 100),
(227, 'Produkt 227', 4, 7, 811.66, 44),
(228, 'Produkt 228', 8, 8, 931.07, 70),
(229, 'Produkt 229', 50, 20, 1387.34, 77),
(230, 'Produkt 230', 17, 11, 1820.68, 9),
(231, 'Produkt 231', 13, 16, 368.35, 13),
(232, 'Produkt 232', 36, 5, 1431.87, 12),
(233, 'Produkt 233', 17, 6, 1372.84, 43),
(234, 'Produkt 234', 31, 6, 412.98, 84),
(235, 'Produkt 235', 46, 2, 1953.53, 27),
(236, 'Produkt 236', 38, 18, 1599.57, 11),
(237, 'Produkt 237', 33, 5, 1103.5, 76),
(238, 'Produkt 238', 46, 9, 1515.17, 44),
(239, 'Produkt 239', 45, 5, 753.92, 18),
(240, 'Produkt 240', 37, 7, 1872.02, 65),
(241, 'Produkt 241', 25, 12, 1268.79, 85),
(242, 'Produkt 242', 23, 15, 1068.84, 64),
(243, 'Produkt 243', 26, 14, 955.73, 72),
(244, 'Produkt 244', 32, 4, 1688.57, 18),
(245, 'Produkt 245', 49, 11, 1554.69, 29),
(246, 'Produkt 246', 48, 12, 7.09, 64),
(247, 'Produkt 247', 32, 10, 1746.7, 22),
(248, 'Produkt 248', 46, 12, 1485.04, 69),
(249, 'Produkt 249', 35, 18, 649.65, 18),
(250, 'Produkt 250', 32, 16, 270.51, 15),
(251, 'Produkt 251', 31, 20, 1316.02, 54),
(252, 'Produkt 252', 27, 2, 699.8, 65),
(253, 'Produkt 253', 38, 15, 239.65, 13),
(254, 'Produkt 254', 10, 14, 795.19, 41),
(255, 'Produkt 255', 13, 5, 849.44, 1),
(256, 'Produkt 256', 50, 16, 1769.68, 1),
(257, 'Produkt 257', 36, 17, 1013.15, 21),
(258, 'Produkt 258', 45, 4, 1520.74, 12),
(259, 'Produkt 259', 47, 14, 536.15, 48),
(260, 'Produkt 260', 11, 6, 132.03, 26),
(261, 'Produkt 261', 35, 10, 659.13, 2),
(262, 'Produkt 262', 21, 12, 1381.23, 52),
(263, 'Produkt 263', 25, 6, 1562.89, 28),
(264, 'Produkt 264', 36, 13, 226.69, 35),
(265, 'Produkt 265', 14, 6, 1862.05, 67),
(266, 'Produkt 266', 49, 15, 316.26, 31),
(267, 'Produkt 267', 13, 10, 115.86, 28),
(268, 'Produkt 268', 22, 11, 1487, 77),
(269, 'Produkt 269', 29, 11, 312.89, 73),
(270, 'Produkt 270', 17, 19, 1263.94, 72),
(271, 'Produkt 271', 5, 7, 1384.8, 81),
(272, 'Produkt 272', 42, 19, 354.81, 47),
(273, 'Produkt 273', 8, 19, 696.1, 30),
(274, 'Produkt 274', 34, 3, 159.85, 46),
(275, 'Produkt 275', 17, 5, 1554.91, 70),
(276, 'Produkt 276', 45, 11, 264.47, 94),
(277, 'Produkt 277', 7, 14, 701.67, 98),
(278, 'Produkt 278', 36, 12, 1942.08, 75),
(279, 'Produkt 279', 41, 4, 1815.92, 31),
(280, 'Produkt 280', 5, 9, 1655.81, 11),
(281, 'Produkt 281', 4, 11, 1014.05, 87),
(282, 'Produkt 282', 34, 3, 550.23, 31),
(283, 'Produkt 283', 44, 13, 353.05, 49),
(284, 'Produkt 284', 20, 3, 1963.17, 49),
(285, 'Produkt 285', 6, 14, 1323.22, 54),
(286, 'Produkt 286', 15, 4, 918.4, 37),
(287, 'Produkt 287', 20, 11, 355.01, 57),
(288, 'Produkt 288', 14, 17, 1627.41, 2),
(289, 'Produkt 289', 41, 18, 316.65, 10),
(290, 'Produkt 290', 40, 11, 987.18, 63),
(291, 'Produkt 291', 34, 8, 10.02, 39),
(292, 'Produkt 292', 34, 1, 84.87, 19),
(293, 'Produkt 293', 14, 6, 1680.3, 15),
(294, 'Produkt 294', 43, 11, 1691.65, 32),
(295, 'Produkt 295', 30, 4, 505.8, 31),
(296, 'Produkt 296', 5, 19, 1771.39, 97),
(297, 'Produkt 297', 5, 14, 103.65, 78),
(298, 'Produkt 298', 36, 1, 970.42, 16),
(299, 'Produkt 299', 24, 7, 27.57, 16),
(300, 'Produkt 300', 24, 1, 126.31, 80),
(301, 'Produkt 301', 19, 5, 1271.65, 57),
(302, 'Produkt 302', 6, 7, 1761.58, 36),
(303, 'Produkt 303', 8, 17, 1764.06, 30),
(304, 'Produkt 304', 15, 9, 1587.48, 68),
(305, 'Produkt 305', 35, 14, 1874.79, 63),
(306, 'Produkt 306', 13, 8, 1.72, 65),
(307, 'Produkt 307', 1, 3, 1904.47, 56),
(308, 'Produkt 308', 27, 16, 1590.24, 5),
(309, 'Produkt 309', 8, 5, 1597.03, 55),
(310, 'Produkt 310', 42, 9, 628.94, 24),
(311, 'Produkt 311', 43, 5, 1633.52, 28),
(312, 'Produkt 312', 33, 3, 575.44, 91),
(313, 'Produkt 313', 17, 13, 1129.83, 41),
(314, 'Produkt 314', 6, 8, 1579.83, 86),
(315, 'Produkt 315', 2, 13, 1140.44, 31),
(316, 'Produkt 316', 32, 2, 1977.42, 71),
(317, 'Produkt 317', 18, 2, 157.18, 83),
(318, 'Produkt 318', 39, 10, 1792.48, 71),
(319, 'Produkt 319', 20, 4, 1611.95, 0),
(320, 'Produkt 320', 46, 15, 234.02, 42),
(321, 'Produkt 321', 39, 6, 1369.52, 88),
(322, 'Produkt 322', 3, 15, 1203.49, 51),
(323, 'Produkt 323', 15, 10, 1235.26, 18),
(324, 'Produkt 324', 25, 15, 785.58, 51),
(325, 'Produkt 325', 37, 10, 452.85, 15),
(326, 'Produkt 326', 34, 7, 752.95, 50),
(327, 'Produkt 327', 29, 9, 1199.09, 21),
(328, 'Produkt 328', 42, 2, 66.96, 95),
(329, 'Produkt 329', 40, 9, 93.61, 77),
(330, 'Produkt 330', 42, 4, 375.46, 39),
(331, 'Produkt 331', 28, 10, 1690.66, 93),
(332, 'Produkt 332', 45, 8, 1515.49, 20),
(333, 'Produkt 333', 3, 6, 1980.79, 29),
(334, 'Produkt 334', 14, 13, 1009.1, 39),
(335, 'Produkt 335', 6, 14, 1895.69, 67),
(336, 'Produkt 336', 7, 16, 1569.02, 25),
(337, 'Produkt 337', 5, 16, 801.85, 84),
(338, 'Produkt 338', 11, 11, 593.48, 22),
(339, 'Produkt 339', 29, 9, 3.39, 28),
(340, 'Produkt 340', 28, 18, 1667.89, 55),
(341, 'Produkt 341', 2, 3, 244.76, 99),
(342, 'Produkt 342', 18, 4, 63.68, 10),
(343, 'Produkt 343', 39, 14, 1201.5, 11),
(344, 'Produkt 344', 30, 15, 245.95, 8),
(345, 'Produkt 345', 23, 2, 994.99, 84),
(346, 'Produkt 346', 46, 10, 1358.3, 77),
(347, 'Produkt 347', 3, 20, 1677.22, 1),
(348, 'Produkt 348', 12, 18, 740.54, 30),
(349, 'Produkt 349', 23, 17, 741.5, 99),
(350, 'Produkt 350', 32, 15, 1415.44, 41),
(351, 'Produkt 351', 15, 5, 617.27, 31),
(352, 'Produkt 352', 48, 11, 1592.5, 18),
(353, 'Produkt 353', 32, 2, 172.77, 52),
(354, 'Produkt 354', 36, 16, 170.68, 77),
(355, 'Produkt 355', 40, 19, 210.87, 86),
(356, 'Produkt 356', 35, 5, 236.17, 19),
(357, 'Produkt 357', 3, 2, 973.77, 3),
(358, 'Produkt 358', 44, 20, 563.13, 5),
(359, 'Produkt 359', 22, 2, 1642.75, 100),
(360, 'Produkt 360', 48, 2, 1111.41, 30),
(361, 'Produkt 361', 18, 11, 1833.96, 63),
(362, 'Produkt 362', 17, 5, 529.37, 99),
(363, 'Produkt 363', 27, 2, 1102.12, 56),
(364, 'Produkt 364', 35, 13, 1653.55, 99),
(365, 'Produkt 365', 30, 14, 439.31, 89),
(366, 'Produkt 366', 41, 16, 1007.49, 79),
(367, 'Produkt 367', 47, 19, 1776.69, 92),
(368, 'Produkt 368', 18, 1, 302.44, 20),
(369, 'Produkt 369', 19, 5, 1479.29, 92),
(370, 'Produkt 370', 27, 11, 1935.11, 16),
(371, 'Produkt 371', 50, 2, 1853.7, 89),
(372, 'Produkt 372', 48, 17, 493.42, 43),
(373, 'Produkt 373', 41, 8, 640.87, 30),
(374, 'Produkt 374', 12, 16, 249.29, 35),
(375, 'Produkt 375', 28, 11, 520.85, 84),
(376, 'Produkt 376', 46, 4, 664.34, 63),
(377, 'Produkt 377', 24, 18, 610.52, 13),
(378, 'Produkt 378', 5, 9, 1887.65, 5),
(379, 'Produkt 379', 48, 15, 1964.36, 59),
(380, 'Produkt 380', 12, 12, 254.53, 27),
(381, 'Produkt 381', 23, 19, 1075.21, 1),
(382, 'Produkt 382', 43, 16, 1788.27, 50),
(383, 'Produkt 383', 3, 14, 1373.96, 49),
(384, 'Produkt 384', 18, 5, 1699.85, 32),
(385, 'Produkt 385', 18, 5, 724.4, 3),
(386, 'Produkt 386', 37, 15, 1887.75, 40),
(387, 'Produkt 387', 9, 16, 934.87, 39),
(388, 'Produkt 388', 14, 13, 437.64, 25),
(389, 'Produkt 389', 14, 1, 1245.06, 79),
(390, 'Produkt 390', 22, 12, 1123.18, 99),
(391, 'Produkt 391', 8, 2, 1835.79, 64),
(392, 'Produkt 392', 23, 20, 906.73, 4),
(393, 'Produkt 393', 40, 2, 1323.67, 36),
(394, 'Produkt 394', 10, 3, 1433.15, 97),
(395, 'Produkt 395', 19, 20, 264.95, 7),
(396, 'Produkt 396', 43, 16, 542.48, 14),
(397, 'Produkt 397', 1, 10, 648.2, 36),
(398, 'Produkt 398', 37, 16, 1755.76, 56),
(399, 'Produkt 399', 32, 11, 1407.08, 3),
(400, 'Produkt 400', 48, 3, 1784.73, 53),
(401, 'Produkt 401', 27, 2, 1907.1, 88),
(402, 'Produkt 402', 13, 9, 27.61, 48),
(403, 'Produkt 403', 16, 2, 1453.38, 37),
(404, 'Produkt 404', 36, 14, 69.82, 68),
(405, 'Produkt 405', 23, 1, 787.35, 49),
(406, 'Produkt 406', 25, 6, 1185.78, 97),
(407, 'Produkt 407', 12, 15, 1588.57, 42),
(408, 'Produkt 408', 30, 10, 1834.6, 55),
(409, 'Produkt 409', 17, 2, 1975.42, 31),
(410, 'Produkt 410', 33, 6, 1167.87, 72),
(411, 'Produkt 411', 37, 18, 1.89, 3),
(412, 'Produkt 412', 29, 4, 518.4, 61),
(413, 'Produkt 413', 16, 9, 1159.28, 93),
(414, 'Produkt 414', 23, 16, 911.98, 96),
(415, 'Produkt 415', 35, 10, 1879.03, 55),
(416, 'Produkt 416', 7, 16, 557.08, 84),
(417, 'Produkt 417', 48, 16, 1027.4, 43),
(418, 'Produkt 418', 7, 11, 354.69, 41),
(419, 'Produkt 419', 21, 1, 1409.23, 82),
(420, 'Produkt 420', 12, 19, 1388.98, 69),
(421, 'Produkt 421', 18, 8, 1266.74, 41),
(422, 'Produkt 422', 19, 20, 434.1, 29),
(423, 'Produkt 423', 38, 10, 1779.2, 17),
(424, 'Produkt 424', 17, 15, 1451.93, 14),
(425, 'Produkt 425', 6, 19, 564.77, 98),
(426, 'Produkt 426', 22, 19, 1088.81, 31),
(427, 'Produkt 427', 4, 7, 1176.16, 46),
(428, 'Produkt 428', 20, 16, 181.29, 67),
(429, 'Produkt 429', 16, 14, 607.46, 71),
(430, 'Produkt 430', 1, 14, 1253.91, 71),
(431, 'Produkt 431', 11, 10, 788.83, 3),
(432, 'Produkt 432', 46, 3, 16.9, 23),
(433, 'Produkt 433', 29, 7, 85.29, 71),
(434, 'Produkt 434', 17, 4, 868.99, 18),
(435, 'Produkt 435', 25, 11, 802.43, 73),
(436, 'Produkt 436', 43, 9, 395.1, 30),
(437, 'Produkt 437', 49, 2, 683.21, 56),
(438, 'Produkt 438', 6, 14, 870.14, 96),
(439, 'Produkt 439', 39, 6, 407.67, 89),
(440, 'Produkt 440', 33, 14, 1754.73, 85),
(441, 'Produkt 441', 5, 13, 1090.7, 36),
(442, 'Produkt 442', 29, 1, 1196.97, 76),
(443, 'Produkt 443', 20, 8, 1788.78, 35),
(444, 'Produkt 444', 16, 12, 1531.15, 33),
(445, 'Produkt 445', 3, 6, 993.73, 71),
(446, 'Produkt 446', 22, 13, 784.56, 80),
(447, 'Produkt 447', 10, 13, 135.48, 48),
(448, 'Produkt 448', 15, 4, 164.19, 73),
(449, 'Produkt 449', 21, 14, 1080.77, 70),
(450, 'Produkt 450', 45, 5, 1571.5, 79),
(451, 'Produkt 451', 27, 12, 1633.97, 10),
(452, 'Produkt 452', 28, 2, 1089.19, 50),
(453, 'Produkt 453', 16, 2, 1038.78, 92),
(454, 'Produkt 454', 35, 6, 494.9, 97),
(455, 'Produkt 455', 12, 5, 1472.99, 57),
(456, 'Produkt 456', 29, 8, 745.01, 63),
(457, 'Produkt 457', 15, 4, 1554.24, 46),
(458, 'Produkt 458', 3, 12, 1492.34, 4),
(459, 'Produkt 459', 34, 20, 1838.75, 72),
(460, 'Produkt 460', 17, 13, 569.97, 58),
(461, 'Produkt 461', 25, 5, 316.1, 93),
(462, 'Produkt 462', 34, 10, 1501.92, 22),
(463, 'Produkt 463', 33, 18, 1919.96, 90),
(464, 'Produkt 464', 13, 20, 999.94, 31),
(465, 'Produkt 465', 25, 19, 12.85, 41),
(466, 'Produkt 466', 40, 16, 460.24, 25),
(467, 'Produkt 467', 28, 6, 1902.86, 96),
(468, 'Produkt 468', 18, 20, 1471.25, 30),
(469, 'Produkt 469', 18, 10, 330.45, 50),
(470, 'Produkt 470', 7, 18, 1306.38, 32),
(471, 'Produkt 471', 9, 6, 975.15, 22),
(472, 'Produkt 472', 5, 16, 424.74, 51),
(473, 'Produkt 473', 36, 12, 1955.36, 28),
(474, 'Produkt 474', 44, 13, 1975.94, 16),
(475, 'Produkt 475', 46, 5, 1325.06, 55),
(476, 'Produkt 476', 22, 19, 1295.77, 42),
(477, 'Produkt 477', 33, 11, 577.56, 37),
(478, 'Produkt 478', 39, 7, 1407.01, 0),
(479, 'Produkt 479', 29, 4, 140.3, 29),
(480, 'Produkt 480', 42, 10, 521.17, 100),
(481, 'Produkt 481', 39, 20, 883.52, 84),
(482, 'Produkt 482', 3, 17, 1537.19, 55),
(483, 'Produkt 483', 27, 12, 1608.09, 27),
(484, 'Produkt 484', 13, 3, 1541.28, 69),
(485, 'Produkt 485', 7, 4, 559.2, 29),
(486, 'Produkt 486', 20, 10, 1305.58, 2),
(487, 'Produkt 487', 30, 8, 915.15, 85),
(488, 'Produkt 488', 10, 18, 790.95, 49),
(489, 'Produkt 489', 19, 17, 294.08, 83),
(490, 'Produkt 490', 3, 3, 646.75, 14),
(491, 'Produkt 491', 7, 2, 250.71, 86),
(492, 'Produkt 492', 31, 8, 1708.53, 86),
(493, 'Produkt 493', 28, 4, 1775.12, 2),
(494, 'Produkt 494', 36, 3, 500.82, 12),
(495, 'Produkt 495', 49, 12, 800.47, 65),
(496, 'Produkt 496', 49, 15, 731.86, 77),
(497, 'Produkt 497', 14, 18, 1690.79, 100),
(498, 'Produkt 498', 32, 7, 802.37, 69),
(499, 'Produkt 499', 24, 9, 752.66, 5),
(500, 'Produkt 500', 13, 10, 1297.28, 68),
(501, 'Produkt 501', 32, 5, 1726.05, 31),
(502, 'Produkt 502', 26, 1, 491.49, 6),
(503, 'Produkt 503', 24, 12, 1293, 44),
(504, 'Produkt 504', 46, 15, 1844.63, 56),
(505, 'Produkt 505', 12, 19, 571.39, 8),
(506, 'Produkt 506', 28, 3, 1505.79, 96),
(507, 'Produkt 507', 16, 10, 612.7, 63),
(508, 'Produkt 508', 46, 3, 1809.26, 89),
(509, 'Produkt 509', 8, 3, 1911.76, 91),
(510, 'Produkt 510', 26, 19, 780.34, 59),
(511, 'Produkt 511', 42, 2, 1896.49, 98),
(512, 'Produkt 512', 37, 14, 1629.02, 63),
(513, 'Produkt 513', 50, 13, 435.64, 86),
(514, 'Produkt 514', 29, 6, 254.76, 68),
(515, 'Produkt 515', 20, 19, 1333.58, 31),
(516, 'Produkt 516', 17, 1, 742.24, 25),
(517, 'Produkt 517', 42, 13, 1831, 55),
(518, 'Produkt 518', 23, 11, 865.13, 45),
(519, 'Produkt 519', 42, 18, 109.69, 100),
(520, 'Produkt 520', 10, 6, 1585.78, 73),
(521, 'Produkt 521', 16, 17, 784.3, 6),
(522, 'Produkt 522', 21, 11, 551.04, 62),
(523, 'Produkt 523', 24, 10, 412.04, 87),
(524, 'Produkt 524', 15, 1, 1597.96, 51),
(525, 'Produkt 525', 24, 10, 984.51, 100),
(526, 'Produkt 526', 7, 14, 248.59, 40),
(527, 'Produkt 527', 9, 14, 1430.35, 26),
(528, 'Produkt 528', 4, 7, 1214.65, 59),
(529, 'Produkt 529', 47, 5, 1118.1, 45),
(530, 'Produkt 530', 42, 14, 1894.37, 51),
(531, 'Produkt 531', 15, 20, 1351.84, 3),
(532, 'Produkt 532', 26, 17, 1874.18, 42),
(533, 'Produkt 533', 39, 8, 873.04, 0),
(534, 'Produkt 534', 13, 1, 427.48, 18),
(535, 'Produkt 535', 32, 6, 1362.23, 53),
(536, 'Produkt 536', 5, 12, 14.39, 99),
(537, 'Produkt 537', 31, 13, 936.8, 76),
(538, 'Produkt 538', 31, 10, 1784.51, 12),
(539, 'Produkt 539', 30, 2, 1649.73, 58),
(540, 'Produkt 540', 39, 4, 1072.63, 73),
(541, 'Produkt 541', 26, 3, 995.34, 31),
(542, 'Produkt 542', 31, 8, 903.55, 55),
(543, 'Produkt 543', 49, 8, 1402.06, 53),
(544, 'Produkt 544', 1, 15, 1486.75, 65),
(545, 'Produkt 545', 5, 14, 1738.14, 76),
(546, 'Produkt 546', 24, 12, 1721.2, 18),
(547, 'Produkt 547', 7, 13, 807.45, 23),
(548, 'Produkt 548', 40, 17, 693.08, 19),
(549, 'Produkt 549', 22, 10, 852.17, 68),
(550, 'Produkt 550', 46, 10, 1176.55, 25),
(551, 'Produkt 551', 47, 16, 1052.6, 2),
(552, 'Produkt 552', 29, 12, 1130.47, 33),
(553, 'Produkt 553', 6, 5, 1025.89, 17),
(554, 'Produkt 554', 8, 17, 1205.2, 47),
(555, 'Produkt 555', 34, 7, 324.75, 76),
(556, 'Produkt 556', 17, 11, 235.27, 54),
(557, 'Produkt 557', 14, 3, 1943.27, 85),
(558, 'Produkt 558', 46, 2, 746.23, 4),
(559, 'Produkt 559', 13, 4, 1811.61, 76),
(560, 'Produkt 560', 27, 17, 446.32, 80),
(561, 'Produkt 561', 23, 20, 296.78, 78),
(562, 'Produkt 562', 22, 20, 1736.25, 71),
(563, 'Produkt 563', 49, 18, 1701.4, 90),
(564, 'Produkt 564', 8, 1, 1200.95, 55),
(565, 'Produkt 565', 40, 18, 1769.4, 57),
(566, 'Produkt 566', 20, 18, 1112.34, 67),
(567, 'Produkt 567', 35, 8, 1180.83, 49),
(568, 'Produkt 568', 33, 6, 934.03, 78),
(569, 'Produkt 569', 43, 14, 1051.58, 31),
(570, 'Produkt 570', 2, 14, 813.1, 66),
(571, 'Produkt 571', 37, 2, 437.12, 40),
(572, 'Produkt 572', 50, 3, 1086.88, 95),
(573, 'Produkt 573', 38, 10, 1829.29, 60),
(574, 'Produkt 574', 4, 15, 1776.63, 89),
(575, 'Produkt 575', 50, 2, 658, 97),
(576, 'Produkt 576', 34, 13, 94.35, 3),
(577, 'Produkt 577', 3, 2, 791.02, 52),
(578, 'Produkt 578', 37, 16, 1938.51, 6),
(579, 'Produkt 579', 38, 15, 32.69, 2),
(580, 'Produkt 580', 31, 10, 1394.8, 50),
(581, 'Produkt 581', 44, 14, 1623.72, 68),
(582, 'Produkt 582', 37, 6, 236.85, 43),
(583, 'Produkt 583', 46, 1, 1745.89, 93),
(584, 'Produkt 584', 17, 15, 1425.05, 31),
(585, 'Produkt 585', 41, 20, 1015.86, 16),
(586, 'Produkt 586', 14, 1, 609.23, 69),
(587, 'Produkt 587', 39, 10, 1986.84, 51),
(588, 'Produkt 588', 38, 19, 1624.45, 95),
(589, 'Produkt 589', 47, 4, 652.41, 57),
(590, 'Produkt 590', 5, 7, 1994.75, 6),
(591, 'Produkt 591', 10, 1, 1942.24, 13),
(592, 'Produkt 592', 20, 4, 429.86, 37),
(593, 'Produkt 593', 44, 2, 1223.84, 99),
(594, 'Produkt 594', 20, 2, 327, 27),
(595, 'Produkt 595', 27, 4, 1800.32, 62),
(596, 'Produkt 596', 9, 3, 1276.61, 4),
(597, 'Produkt 597', 35, 16, 415.13, 0),
(598, 'Produkt 598', 45, 13, 548.08, 54),
(599, 'Produkt 599', 30, 17, 748.8, 33),
(600, 'Produkt 600', 30, 18, 604.54, 95),
(601, 'Produkt 601', 50, 3, 916.73, 74),
(602, 'Produkt 602', 42, 16, 593.58, 57),
(603, 'Produkt 603', 39, 10, 974.9, 9),
(604, 'Produkt 604', 31, 19, 1850, 54),
(605, 'Produkt 605', 43, 5, 413.62, 76),
(606, 'Produkt 606', 47, 19, 1399.59, 59),
(607, 'Produkt 607', 44, 3, 1664.32, 27),
(608, 'Produkt 608', 35, 9, 1451.83, 80),
(609, 'Produkt 609', 45, 18, 1593.27, 16),
(610, 'Produkt 610', 20, 18, 905.71, 32),
(611, 'Produkt 611', 13, 4, 1006.3, 69),
(612, 'Produkt 612', 41, 1, 845.38, 18),
(613, 'Produkt 613', 11, 6, 145.64, 56),
(614, 'Produkt 614', 46, 20, 47.02, 99),
(615, 'Produkt 615', 38, 14, 189.56, 70),
(616, 'Produkt 616', 23, 15, 470.5, 68),
(617, 'Produkt 617', 19, 3, 755.2, 2),
(618, 'Produkt 618', 38, 1, 763.14, 29),
(619, 'Produkt 619', 37, 1, 1399.3, 15),
(620, 'Produkt 620', 28, 4, 1763.51, 73),
(621, 'Produkt 621', 25, 13, 1111.92, 16),
(622, 'Produkt 622', 31, 10, 1992.14, 46),
(623, 'Produkt 623', 1, 6, 1823.25, 38),
(624, 'Produkt 624', 30, 9, 1161.28, 32),
(625, 'Produkt 625', 8, 11, 1901.28, 6),
(626, 'Produkt 626', 36, 3, 1669.63, 22),
(627, 'Produkt 627', 48, 17, 1650.63, 22),
(628, 'Produkt 628', 28, 3, 102.13, 92),
(629, 'Produkt 629', 23, 2, 812.24, 32),
(630, 'Produkt 630', 40, 6, 733.69, 78),
(631, 'Produkt 631', 20, 13, 67.15, 4),
(632, 'Produkt 632', 45, 7, 1024.92, 49),
(633, 'Produkt 633', 50, 19, 531.26, 3),
(634, 'Produkt 634', 1, 16, 1122.92, 86),
(635, 'Produkt 635', 34, 5, 1261.04, 67),
(636, 'Produkt 636', 30, 13, 1363.99, 51),
(637, 'Produkt 637', 43, 8, 747.32, 79),
(638, 'Produkt 638', 8, 1, 1772.42, 68),
(639, 'Produkt 639', 32, 11, 420.02, 45),
(640, 'Produkt 640', 5, 3, 1558.19, 94),
(641, 'Produkt 641', 32, 1, 146.89, 69),
(642, 'Produkt 642', 21, 17, 621.77, 96),
(643, 'Produkt 643', 32, 1, 1731.29, 23),
(644, 'Produkt 644', 20, 9, 1047.85, 25),
(645, 'Produkt 645', 21, 5, 416.93, 31),
(646, 'Produkt 646', 25, 11, 607.07, 92),
(647, 'Produkt 647', 25, 14, 382.59, 35),
(648, 'Produkt 648', 48, 13, 265.82, 41),
(649, 'Produkt 649', 41, 13, 245.92, 77),
(650, 'Produkt 650', 32, 20, 1668.92, 27),
(651, 'Produkt 651', 29, 20, 561.13, 66),
(652, 'Produkt 652', 37, 6, 652.45, 89),
(653, 'Produkt 653', 46, 9, 1320.81, 64),
(654, 'Produkt 654', 27, 11, 740.41, 23),
(655, 'Produkt 655', 36, 18, 1454.63, 50),
(656, 'Produkt 656', 10, 11, 643.57, 65),
(657, 'Produkt 657', 16, 8, 329.09, 2),
(658, 'Produkt 658', 22, 20, 1761.13, 54),
(659, 'Produkt 659', 14, 17, 1250.31, 71),
(660, 'Produkt 660', 17, 20, 1678.53, 17),
(661, 'Produkt 661', 5, 15, 958.72, 51),
(662, 'Produkt 662', 2, 15, 1669.18, 39),
(663, 'Produkt 663', 3, 17, 1135.88, 63),
(664, 'Produkt 664', 30, 13, 194.18, 41),
(665, 'Produkt 665', 44, 3, 1897.17, 21),
(666, 'Produkt 666', 29, 13, 401.14, 52),
(667, 'Produkt 667', 23, 7, 1298.57, 11),
(668, 'Produkt 668', 48, 4, 1627.86, 86),
(669, 'Produkt 669', 36, 17, 831.4, 70),
(670, 'Produkt 670', 38, 20, 895.12, 13),
(671, 'Produkt 671', 14, 7, 926.09, 51),
(672, 'Produkt 672', 44, 14, 416.42, 45),
(673, 'Produkt 673', 11, 12, 449.89, 7),
(674, 'Produkt 674', 41, 13, 1088.71, 97),
(675, 'Produkt 675', 44, 5, 206.66, 65),
(676, 'Produkt 676', 18, 15, 1998.19, 69),
(677, 'Produkt 677', 25, 12, 438.6, 94),
(678, 'Produkt 678', 22, 19, 1918, 22),
(679, 'Produkt 679', 5, 2, 326.01, 88),
(680, 'Produkt 680', 41, 8, 810.02, 52),
(681, 'Produkt 681', 7, 10, 1486.01, 37),
(682, 'Produkt 682', 44, 16, 1322.58, 62),
(683, 'Produkt 683', 15, 6, 1473.34, 4),
(684, 'Produkt 684', 14, 6, 290.25, 41),
(685, 'Produkt 685', 11, 13, 1279.08, 99),
(686, 'Produkt 686', 41, 9, 238.55, 38),
(687, 'Produkt 687', 15, 18, 835.39, 49),
(688, 'Produkt 688', 8, 11, 876.74, 35),
(689, 'Produkt 689', 18, 13, 507.28, 86),
(690, 'Produkt 690', 26, 15, 603.51, 23),
(691, 'Produkt 691', 23, 5, 599.36, 6),
(692, 'Produkt 692', 24, 14, 5.81, 80),
(693, 'Produkt 693', 31, 15, 855.58, 58),
(694, 'Produkt 694', 34, 3, 1355.54, 38),
(695, 'Produkt 695', 30, 9, 1953.98, 9),
(696, 'Produkt 696', 33, 17, 114.32, 71),
(697, 'Produkt 697', 31, 14, 1012.45, 26),
(698, 'Produkt 698', 26, 8, 430.24, 56),
(699, 'Produkt 699', 5, 17, 1085.46, 44),
(700, 'Produkt 700', 35, 13, 641.61, 57),
(701, 'Produkt 701', 23, 15, 665.85, 48),
(702, 'Produkt 702', 37, 17, 768.7, 98),
(703, 'Produkt 703', 39, 10, 1181.53, 44),
(704, 'Produkt 704', 2, 2, 23.52, 34),
(705, 'Produkt 705', 35, 10, 502.26, 34),
(706, 'Produkt 706', 29, 7, 305.53, 34),
(707, 'Produkt 707', 50, 17, 430.4, 95),
(708, 'Produkt 708', 34, 18, 1699.4, 50),
(709, 'Produkt 709', 23, 6, 209.65, 44),
(710, 'Produkt 710', 38, 6, 1979.8, 90),
(711, 'Produkt 711', 29, 17, 19.79, 28),
(712, 'Produkt 712', 4, 1, 105.09, 100),
(713, 'Produkt 713', 16, 15, 476.48, 87),
(714, 'Produkt 714', 25, 9, 1726.12, 34),
(715, 'Produkt 715', 44, 20, 135.93, 30),
(716, 'Produkt 716', 10, 4, 679.94, 32),
(717, 'Produkt 717', 20, 4, 988.72, 20),
(718, 'Produkt 718', 25, 4, 486.57, 91),
(719, 'Produkt 719', 37, 5, 1966.52, 36),
(720, 'Produkt 720', 26, 8, 1858.78, 43),
(721, 'Produkt 721', 13, 5, 434.84, 56),
(722, 'Produkt 722', 49, 8, 195.76, 30),
(723, 'Produkt 723', 26, 1, 1699.79, 29),
(724, 'Produkt 724', 49, 6, 1081.96, 80),
(725, 'Produkt 725', 1, 3, 501.81, 52),
(726, 'Produkt 726', 34, 8, 1790.78, 75),
(727, 'Produkt 727', 1, 8, 522.45, 43),
(728, 'Produkt 728', 5, 19, 784.33, 38),
(729, 'Produkt 729', 13, 13, 1877.1, 18),
(730, 'Produkt 730', 41, 20, 1210.21, 98),
(731, 'Produkt 731', 32, 15, 622.74, 64),
(732, 'Produkt 732', 40, 19, 404.23, 66),
(733, 'Produkt 733', 3, 20, 249.68, 14),
(734, 'Produkt 734', 4, 11, 1391.16, 18),
(735, 'Produkt 735', 9, 1, 1187.35, 25),
(736, 'Produkt 736', 29, 8, 381.5, 61),
(737, 'Produkt 737', 2, 16, 304.01, 49),
(738, 'Produkt 738', 37, 19, 272.22, 10),
(739, 'Produkt 739', 50, 17, 405.52, 10),
(740, 'Produkt 740', 19, 18, 150.49, 68),
(741, 'Produkt 741', 15, 8, 1731.07, 82),
(742, 'Produkt 742', 23, 9, 789.47, 96),
(743, 'Produkt 743', 47, 20, 1462.96, 56),
(744, 'Produkt 744', 35, 11, 150.04, 86),
(745, 'Produkt 745', 20, 8, 1216.32, 22),
(746, 'Produkt 746', 24, 20, 881.53, 44),
(747, 'Produkt 747', 17, 1, 547.89, 44),
(748, 'Produkt 748', 25, 19, 1818.49, 60),
(749, 'Produkt 749', 22, 2, 447.73, 30),
(750, 'Produkt 750', 27, 17, 1484.47, 81),
(751, 'Produkt 751', 3, 20, 847.03, 10),
(752, 'Produkt 752', 11, 3, 1591.69, 88),
(753, 'Produkt 753', 2, 4, 112.78, 14),
(754, 'Produkt 754', 41, 18, 536.89, 75),
(755, 'Produkt 755', 22, 4, 548.59, 39),
(756, 'Produkt 756', 44, 15, 907.99, 16),
(757, 'Produkt 757', 14, 19, 1898.42, 33),
(758, 'Produkt 758', 3, 10, 976.89, 49),
(759, 'Produkt 759', 16, 14, 840.31, 65),
(760, 'Produkt 760', 45, 18, 204.22, 43),
(761, 'Produkt 761', 38, 20, 492.13, 99),
(762, 'Produkt 762', 25, 9, 739.06, 76),
(763, 'Produkt 763', 2, 20, 1909.38, 72),
(764, 'Produkt 764', 14, 3, 918.72, 13),
(765, 'Produkt 765', 28, 12, 1583.88, 68),
(766, 'Produkt 766', 41, 3, 764.49, 77),
(767, 'Produkt 767', 22, 20, 943.55, 94),
(768, 'Produkt 768', 24, 12, 1488.36, 24),
(769, 'Produkt 769', 13, 9, 1857.14, 51),
(770, 'Produkt 770', 13, 8, 989.78, 23),
(771, 'Produkt 771', 43, 3, 129.01, 15),
(772, 'Produkt 772', 23, 17, 1351.45, 24),
(773, 'Produkt 773', 50, 17, 1002.87, 7),
(774, 'Produkt 774', 26, 10, 350.02, 38),
(775, 'Produkt 775', 8, 11, 656.5, 71),
(776, 'Produkt 776', 35, 19, 945.86, 9),
(777, 'Produkt 777', 17, 8, 1706.54, 46),
(778, 'Produkt 778', 42, 8, 785.81, 92),
(779, 'Produkt 779', 34, 10, 709.22, 45),
(780, 'Produkt 780', 8, 11, 1706.93, 25),
(781, 'Produkt 781', 19, 8, 1656.12, 27),
(782, 'Produkt 782', 47, 8, 1232.24, 7),
(783, 'Produkt 783', 13, 2, 1477.91, 73),
(784, 'Produkt 784', 16, 15, 73.49, 71),
(785, 'Produkt 785', 35, 11, 1540.09, 60),
(786, 'Produkt 786', 1, 6, 1628.89, 57),
(787, 'Produkt 787', 13, 15, 1148.77, 37),
(788, 'Produkt 788', 7, 2, 1483.89, 92),
(789, 'Produkt 789', 21, 2, 1044.4, 2),
(790, 'Produkt 790', 41, 10, 911.88, 61),
(791, 'Produkt 791', 24, 8, 909.53, 74),
(792, 'Produkt 792', 5, 15, 373.98, 85),
(793, 'Produkt 793', 7, 14, 858.54, 66),
(794, 'Produkt 794', 27, 16, 1018.78, 93),
(795, 'Produkt 795', 15, 12, 946.41, 66),
(796, 'Produkt 796', 7, 4, 182.09, 98),
(797, 'Produkt 797', 46, 12, 667.46, 8),
(798, 'Produkt 798', 46, 12, 887.7, 73),
(799, 'Produkt 799', 28, 6, 449.11, 49),
(800, 'Produkt 800', 38, 13, 1346.09, 26),
(801, 'Produkt 801', 18, 10, 1160.64, 40),
(802, 'Produkt 802', 8, 14, 455.22, 74),
(803, 'Produkt 803', 30, 18, 1604.88, 6),
(804, 'Produkt 804', 46, 12, 1302.29, 18),
(805, 'Produkt 805', 29, 13, 24.04, 20),
(806, 'Produkt 806', 48, 9, 660.45, 18),
(807, 'Produkt 807', 14, 8, 1599.41, 74),
(808, 'Produkt 808', 4, 5, 490.56, 70),
(809, 'Produkt 809', 8, 16, 1946.13, 57),
(810, 'Produkt 810', 29, 14, 1439.97, 77),
(811, 'Produkt 811', 45, 6, 621.93, 34),
(812, 'Produkt 812', 11, 2, 345.23, 28),
(813, 'Produkt 813', 9, 2, 615.89, 11),
(814, 'Produkt 814', 37, 16, 1730.88, 73),
(815, 'Produkt 815', 17, 11, 1858.16, 22),
(816, 'Produkt 816', 39, 5, 1306.15, 91),
(817, 'Produkt 817', 12, 6, 717.78, 93),
(818, 'Produkt 818', 31, 11, 1470.77, 76),
(819, 'Produkt 819', 47, 13, 1498.32, 23),
(820, 'Produkt 820', 39, 7, 809.67, 3),
(821, 'Produkt 821', 22, 12, 1941.76, 59),
(822, 'Produkt 822', 48, 7, 1597.74, 10),
(823, 'Produkt 823', 26, 10, 727.13, 70),
(824, 'Produkt 824', 33, 9, 1293.61, 65),
(825, 'Produkt 825', 19, 15, 973.32, 21),
(826, 'Produkt 826', 49, 1, 48.38, 46),
(827, 'Produkt 827', 23, 12, 1733.8, 48),
(828, 'Produkt 828', 19, 3, 195.34, 19),
(829, 'Produkt 829', 8, 19, 1501.41, 37),
(830, 'Produkt 830', 20, 19, 1760.78, 6),
(831, 'Produkt 831', 29, 19, 1705.06, 93),
(832, 'Produkt 832', 21, 11, 1953.69, 65),
(833, 'Produkt 833', 17, 18, 213.51, 17),
(834, 'Produkt 834', 21, 18, 672.54, 63),
(835, 'Produkt 835', 11, 20, 829.12, 86),
(836, 'Produkt 836', 37, 6, 4.01, 49),
(837, 'Produkt 837', 2, 18, 795.58, 20),
(838, 'Produkt 838', 39, 5, 1721.75, 36),
(839, 'Produkt 839', 13, 14, 292.7, 64),
(840, 'Produkt 840', 41, 7, 785.13, 68),
(841, 'Produkt 841', 42, 11, 1937.1, 56),
(842, 'Produkt 842', 35, 17, 844, 100),
(843, 'Produkt 843', 49, 10, 283.02, 10),
(844, 'Produkt 844', 32, 9, 1734.42, 69),
(845, 'Produkt 845', 42, 3, 1324.03, 84),
(846, 'Produkt 846', 45, 1, 978.4, 75),
(847, 'Produkt 847', 14, 9, 1989.8, 59),
(848, 'Produkt 848', 32, 12, 1288.7, 49),
(849, 'Produkt 849', 33, 8, 1645.84, 13),
(850, 'Produkt 850', 29, 14, 62.52, 33),
(851, 'Produkt 851', 25, 18, 1597.25, 96),
(852, 'Produkt 852', 40, 9, 885.32, 54),
(853, 'Produkt 853', 17, 10, 587.5, 3),
(854, 'Produkt 854', 23, 2, 1032.48, 97),
(855, 'Produkt 855', 22, 19, 295.11, 54),
(856, 'Produkt 856', 29, 20, 963.12, 82),
(857, 'Produkt 857', 26, 4, 838.47, 63),
(858, 'Produkt 858', 39, 3, 1827.85, 37),
(859, 'Produkt 859', 24, 20, 271.58, 18),
(860, 'Produkt 860', 49, 19, 959.46, 79),
(861, 'Produkt 861', 13, 14, 85.74, 53),
(862, 'Produkt 862', 12, 3, 1383.74, 78),
(863, 'Produkt 863', 23, 20, 711.38, 23),
(864, 'Produkt 864', 22, 7, 1310.17, 42),
(865, 'Produkt 865', 9, 14, 1015.76, 82),
(866, 'Produkt 866', 3, 19, 1639.73, 88),
(867, 'Produkt 867', 36, 9, 1803.73, 53),
(868, 'Produkt 868', 47, 16, 1455.6, 18),
(869, 'Produkt 869', 18, 9, 1317.5, 8),
(870, 'Produkt 870', 49, 19, 1531.92, 92),
(871, 'Produkt 871', 5, 6, 736.36, 41),
(872, 'Produkt 872', 47, 8, 1829.58, 4),
(873, 'Produkt 873', 20, 14, 1677.44, 42),
(874, 'Produkt 874', 10, 18, 998.91, 60),
(875, 'Produkt 875', 48, 1, 1695.48, 74),
(876, 'Produkt 876', 21, 14, 1872.47, 47),
(877, 'Produkt 877', 20, 12, 1783.54, 44),
(878, 'Produkt 878', 22, 4, 976.79, 14),
(879, 'Produkt 879', 6, 13, 1870.8, 84),
(880, 'Produkt 880', 43, 17, 20.11, 44),
(881, 'Produkt 881', 47, 17, 323.27, 21),
(882, 'Produkt 882', 45, 14, 1404.15, 27),
(883, 'Produkt 883', 46, 12, 1447.56, 56),
(884, 'Produkt 884', 9, 8, 1712.84, 41),
(885, 'Produkt 885', 5, 15, 984.6, 35),
(886, 'Produkt 886', 17, 15, 1218.09, 21),
(887, 'Produkt 887', 12, 16, 1614.46, 25),
(888, 'Produkt 888', 45, 10, 1383.51, 36),
(889, 'Produkt 889', 26, 20, 453, 94),
(890, 'Produkt 890', 48, 3, 356.2, 66),
(891, 'Produkt 891', 19, 15, 558.72, 76),
(892, 'Produkt 892', 48, 13, 473.46, 75),
(893, 'Produkt 893', 13, 16, 419.44, 56),
(894, 'Produkt 894', 23, 5, 1756.57, 86),
(895, 'Produkt 895', 11, 8, 1467.07, 41),
(896, 'Produkt 896', 42, 1, 1418.52, 56),
(897, 'Produkt 897', 45, 17, 1568.38, 33),
(898, 'Produkt 898', 5, 18, 1356.79, 51),
(899, 'Produkt 899', 5, 6, 528.72, 6),
(900, 'Produkt 900', 26, 4, 1656.06, 24),
(901, 'Produkt 901', 29, 9, 1588.8, 84),
(902, 'Produkt 902', 28, 10, 92.97, 85),
(903, 'Produkt 903', 42, 7, 929.4, 6),
(904, 'Produkt 904', 22, 6, 1624.91, 78),
(905, 'Produkt 905', 42, 4, 1167.16, 16),
(906, 'Produkt 906', 3, 17, 1902.7, 57),
(907, 'Produkt 907', 40, 20, 857.31, 24),
(908, 'Produkt 908', 30, 17, 761.41, 63),
(909, 'Produkt 909', 41, 8, 1992.43, 91),
(910, 'Produkt 910', 17, 5, 1724.06, 92),
(911, 'Produkt 911', 41, 5, 1501.19, 96),
(912, 'Produkt 912', 22, 19, 1503.4, 77),
(913, 'Produkt 913', 5, 14, 751.08, 17),
(914, 'Produkt 914', 31, 12, 1495.65, 59),
(915, 'Produkt 915', 12, 12, 1046.24, 4),
(916, 'Produkt 916', 47, 5, 1288.24, 66),
(917, 'Produkt 917', 38, 8, 1130.09, 54),
(918, 'Produkt 918', 30, 5, 153.58, 83),
(919, 'Produkt 919', 45, 20, 682.18, 85),
(920, 'Produkt 920', 29, 16, 553.77, 28),
(921, 'Produkt 921', 20, 4, 1819.91, 10),
(922, 'Produkt 922', 26, 20, 1636.42, 32),
(923, 'Produkt 923', 8, 17, 595.25, 20),
(924, 'Produkt 924', 16, 5, 736.33, 9),
(925, 'Produkt 925', 6, 6, 503.52, 47),
(926, 'Produkt 926', 3, 4, 879.27, 32),
(927, 'Produkt 927', 43, 4, 1972.14, 47),
(928, 'Produkt 928', 31, 12, 275.75, 7),
(929, 'Produkt 929', 25, 8, 1871.38, 73),
(930, 'Produkt 930', 24, 15, 1823.73, 52),
(931, 'Produkt 931', 17, 10, 1003.09, 48),
(932, 'Produkt 932', 24, 10, 607.4, 68),
(933, 'Produkt 933', 33, 15, 1610.47, 46),
(934, 'Produkt 934', 25, 19, 1402.9, 14),
(935, 'Produkt 935', 22, 14, 872.81, 59),
(936, 'Produkt 936', 16, 1, 169.1, 89),
(937, 'Produkt 937', 8, 1, 407.25, 78),
(938, 'Produkt 938', 15, 12, 1556.36, 93),
(939, 'Produkt 939', 25, 6, 1770.52, 63),
(940, 'Produkt 940', 7, 17, 400.21, 15),
(941, 'Produkt 941', 6, 11, 1951.7, 25),
(942, 'Produkt 942', 32, 3, 1222.2, 6),
(943, 'Produkt 943', 19, 5, 882.94, 96),
(944, 'Produkt 944', 21, 19, 1735.57, 47),
(945, 'Produkt 945', 6, 19, 928.27, 0),
(946, 'Produkt 946', 35, 7, 337.03, 29),
(947, 'Produkt 947', 21, 20, 396.29, 40),
(948, 'Produkt 948', 4, 19, 1614.52, 28),
(949, 'Produkt 949', 14, 9, 1027.95, 60),
(950, 'Produkt 950', 12, 12, 1839.94, 82),
(951, 'Produkt 951', 22, 11, 1500.28, 30),
(952, 'Produkt 952', 32, 20, 473.91, 58),
(953, 'Produkt 953', 7, 16, 934.19, 15),
(954, 'Produkt 954', 22, 14, 1665.51, 36),
(955, 'Produkt 955', 41, 7, 382.14, 53),
(956, 'Produkt 956', 3, 13, 1750.07, 82),
(957, 'Produkt 957', 43, 3, 337.97, 25),
(958, 'Produkt 958', 2, 1, 752.85, 15),
(959, 'Produkt 959', 19, 8, 228.59, 40),
(960, 'Produkt 960', 39, 20, 1883.86, 96),
(961, 'Produkt 961', 49, 6, 1924.76, 100),
(962, 'Produkt 962', 13, 9, 1039.55, 91),
(963, 'Produkt 963', 23, 2, 1227.83, 78),
(964, 'Produkt 964', 40, 13, 308.61, 49),
(965, 'Produkt 965', 30, 9, 1381.52, 97),
(966, 'Produkt 966', 41, 5, 1463.7, 83),
(967, 'Produkt 967', 46, 10, 566.6, 100),
(968, 'Produkt 968', 29, 14, 1464.18, 36),
(969, 'Produkt 969', 18, 7, 1398.72, 26),
(970, 'Produkt 970', 46, 6, 1961.89, 65),
(971, 'Produkt 971', 5, 20, 432.11, 90),
(972, 'Produkt 972', 3, 14, 788.9, 6),
(973, 'Produkt 973', 15, 2, 1660.34, 48),
(974, 'Produkt 974', 15, 18, 1470.22, 59),
(975, 'Produkt 975', 42, 12, 13.07, 83),
(976, 'Produkt 976', 38, 16, 718.61, 55),
(977, 'Produkt 977', 2, 11, 856.83, 71),
(978, 'Produkt 978', 8, 20, 1929.29, 36),
(979, 'Produkt 979', 24, 16, 1496.72, 63),
(980, 'Produkt 980', 30, 11, 690.67, 28),
(981, 'Produkt 981', 33, 17, 673.18, 54),
(982, 'Produkt 982', 12, 17, 274.18, 18),
(983, 'Produkt 983', 43, 10, 69.76, 65),
(984, 'Produkt 984', 4, 2, 1143.92, 25),
(985, 'Produkt 985', 39, 14, 1799.84, 8),
(986, 'Produkt 986', 37, 6, 444.49, 78),
(987, 'Produkt 987', 17, 5, 1919.42, 73),
(988, 'Produkt 988', 8, 20, 1514.69, 91),
(989, 'Produkt 989', 23, 8, 1921.8, 92),
(990, 'Produkt 990', 20, 15, 1376.31, 36),
(991, 'Produkt 991', 38, 19, 234.41, 21),
(992, 'Produkt 992', 16, 6, 240.84, 22),
(993, 'Produkt 993', 16, 12, 1726.5, 13),
(994, 'Produkt 994', 20, 20, 1006.24, 66),
(995, 'Produkt 995', 23, 1, 1202.95, 95),
(996, 'Produkt 996', 25, 14, 759.7, 68),
(997, 'Produkt 997', 22, 11, 903.94, 34),
(998, 'Produkt 998', 25, 8, 273.37, 88),
(999, 'Produkt 999', 14, 13, 9.76, 27),
(1000, 'Produkt 1000', 10, 4, 1509.13, 22);

-- --------------------------------------------------------

--
-- Struktura tabeli dla tabeli `rodzaj_transakcji`
--

CREATE TABLE IF NOT EXISTS `rodzaj_transakcji` (
  `id` int(11) NOT NULL AUTO_INCREMENT,
  `rodzaj` varchar(45) NOT NULL,
  PRIMARY KEY (`id`)
) ENGINE=InnoDB  DEFAULT CHARSET=utf8 AUTO_INCREMENT=3 ;

--
-- Zrzut danych tabeli `rodzaj_transakcji`
--

INSERT INTO `rodzaj_transakcji` (`id`, `rodzaj`) VALUES
(1, 'sprzedaż'),
(2, 'zwrot');

-- --------------------------------------------------------

--
-- Struktura tabeli dla tabeli `transakcja`
--

CREATE TABLE IF NOT EXISTS `transakcja` (
  `id` int(11) NOT NULL AUTO_INCREMENT,
  `produkt_id` int(11) NOT NULL,
  `klient_id` int(11) NOT NULL,
  `pracownik_id` int(11) NOT NULL,
  `rodzaj_transakcji_id` int(11) NOT NULL,
  `data` datetime NOT NULL,
  PRIMARY KEY (`id`,`produkt_id`,`klient_id`,`pracownik_id`,`rodzaj_transakcji_id`),
  KEY `fk_transakcja_produkt1_idx` (`produkt_id`),
  KEY `fk_transakcja_klient1_idx` (`klient_id`),
  KEY `fk_transakcja_pracownik1_idx` (`pracownik_id`),
  KEY `fk_transakcja_rodzaj_transakcji1_idx` (`rodzaj_transakcji_id`)
) ENGINE=InnoDB  DEFAULT CHARSET=utf8 AUTO_INCREMENT=1001 ;

--
-- Zrzut danych tabeli `transakcja`
--

INSERT INTO `transakcja` (`id`, `produkt_id`, `klient_id`, `pracownik_id`, `rodzaj_transakcji_id`, `data`) VALUES
(1, 673, 22, 7, 1, '2015-03-15 21:34:51'),
(2, 613, 10, 11, 1, '2016-12-02 08:25:09'),
(3, 567, 67, 17, 1, '2016-06-15 00:20:14'),
(4, 576, 61, 16, 1, '2015-06-16 01:43:41'),
(5, 529, 57, 10, 1, '2014-11-01 23:51:01'),
(6, 904, 92, 9, 2, '2014-03-15 02:34:29'),
(7, 527, 51, 2, 1, '2014-07-08 15:06:47'),
(8, 316, 39, 18, 1, '2016-01-25 02:42:52'),
(9, 32, 59, 16, 1, '2015-02-01 07:32:38'),
(10, 31, 86, 2, 1, '2016-05-04 01:19:42'),
(11, 12, 41, 6, 1, '2015-08-12 20:08:09'),
(12, 767, 67, 12, 1, '2016-01-07 15:09:18'),
(13, 934, 5, 18, 1, '2014-08-06 15:22:25'),
(14, 744, 66, 6, 1, '2015-05-19 22:24:31'),
(15, 769, 11, 4, 1, '2015-04-17 11:12:03'),
(16, 679, 19, 15, 1, '2014-03-10 12:48:43'),
(17, 985, 68, 11, 1, '2016-03-10 16:06:09'),
(18, 792, 8, 16, 1, '2014-11-23 11:34:43'),
(19, 550, 36, 12, 1, '2016-06-18 04:02:16'),
(20, 802, 70, 20, 1, '2016-03-28 10:25:52'),
(21, 934, 24, 12, 1, '2014-08-06 06:28:33'),
(22, 927, 87, 6, 1, '2016-07-11 11:34:02'),
(23, 105, 92, 4, 1, '2015-10-07 18:23:33'),
(24, 886, 95, 3, 1, '2016-10-26 04:44:31'),
(25, 531, 48, 14, 1, '2015-07-15 01:15:22'),
(26, 897, 77, 11, 1, '2016-04-02 15:09:12'),
(27, 183, 53, 15, 1, '2016-01-06 23:01:37'),
(28, 680, 69, 20, 1, '2016-10-24 11:32:25'),
(29, 527, 16, 12, 1, '2015-10-02 20:11:23'),
(30, 454, 55, 7, 1, '2016-09-19 17:05:00'),
(31, 534, 95, 20, 1, '2016-12-07 12:41:15'),
(32, 936, 68, 4, 1, '2016-11-16 01:31:18'),
(33, 671, 1, 3, 1, '2016-02-15 09:00:19'),
(34, 346, 94, 9, 1, '2016-08-27 12:05:10'),
(35, 909, 93, 15, 1, '2014-04-04 05:06:11'),
(36, 402, 66, 11, 1, '2014-10-22 16:29:56'),
(37, 714, 79, 20, 1, '2015-03-21 09:28:56'),
(38, 324, 69, 11, 2, '2016-10-17 17:56:27'),
(39, 57, 20, 13, 1, '2016-11-17 18:04:10'),
(40, 830, 38, 16, 1, '2016-05-09 03:09:03'),
(41, 405, 25, 19, 1, '2015-11-11 16:21:59'),
(42, 138, 57, 8, 1, '2014-12-11 02:22:36'),
(43, 728, 54, 11, 1, '2014-04-11 22:17:58'),
(44, 968, 59, 15, 1, '2016-05-24 03:17:25'),
(45, 495, 14, 15, 1, '2014-11-08 22:22:13'),
(46, 539, 31, 16, 1, '2015-11-03 09:08:21'),
(47, 673, 67, 4, 1, '2015-06-08 11:32:19'),
(48, 568, 5, 1, 1, '2015-05-04 11:37:46'),
(49, 733, 22, 2, 1, '2014-11-03 22:17:22'),
(50, 275, 67, 9, 1, '2016-04-13 09:59:29'),
(51, 642, 37, 5, 1, '2016-01-28 03:34:58'),
(52, 378, 50, 10, 1, '2016-04-27 19:56:52'),
(53, 869, 22, 16, 1, '2015-09-18 10:51:12'),
(54, 97, 39, 3, 1, '2014-12-05 19:40:44'),
(55, 384, 36, 10, 1, '2015-10-09 15:06:40'),
(56, 149, 69, 17, 1, '2016-11-02 00:56:27'),
(57, 654, 90, 12, 1, '2016-01-19 04:49:28'),
(58, 755, 23, 12, 1, '2016-07-02 10:57:51'),
(59, 649, 41, 15, 1, '2014-07-27 19:56:11'),
(60, 631, 37, 17, 2, '2015-10-06 17:25:17'),
(61, 838, 1, 5, 1, '2014-09-25 21:55:55'),
(62, 998, 94, 12, 1, '2016-12-25 23:34:35'),
(63, 188, 27, 14, 1, '2015-11-19 07:46:15'),
(64, 575, 30, 5, 1, '2014-10-03 18:06:06'),
(65, 169, 30, 9, 1, '2016-06-02 08:56:18'),
(66, 578, 27, 17, 1, '2014-10-09 04:15:41'),
(67, 750, 68, 3, 1, '2016-09-07 22:23:38'),
(68, 729, 21, 16, 1, '2014-09-15 20:45:40'),
(69, 400, 52, 20, 1, '2016-01-27 07:36:21'),
(70, 244, 96, 2, 1, '2014-11-04 19:47:54'),
(71, 86, 40, 15, 1, '2016-08-11 10:32:03'),
(72, 844, 87, 5, 1, '2016-03-06 17:06:44'),
(73, 278, 42, 12, 1, '2016-02-08 12:39:50'),
(74, 746, 78, 4, 1, '2014-01-04 15:54:59'),
(75, 945, 17, 7, 1, '2015-07-25 12:56:17'),
(76, 670, 2, 7, 1, '2014-02-26 03:55:02'),
(77, 555, 74, 2, 1, '2015-07-24 17:52:30'),
(78, 833, 45, 15, 1, '2014-11-01 09:22:41'),
(79, 78, 74, 13, 1, '2016-02-13 00:23:04'),
(80, 956, 42, 17, 1, '2016-02-12 21:57:19'),
(81, 981, 25, 3, 1, '2016-12-11 16:58:06'),
(82, 257, 75, 12, 1, '2016-03-16 19:54:46'),
(83, 234, 87, 8, 1, '2015-02-24 14:35:10'),
(84, 454, 80, 10, 1, '2016-12-12 17:56:21'),
(85, 305, 69, 11, 1, '2015-04-17 02:43:22'),
(86, 767, 41, 10, 1, '2014-10-14 16:17:57'),
(87, 163, 31, 7, 1, '2014-05-24 01:19:18'),
(88, 913, 93, 1, 1, '2014-06-20 07:38:53'),
(89, 277, 81, 20, 1, '2014-01-08 18:52:04'),
(90, 112, 19, 3, 1, '2015-05-16 17:15:00'),
(91, 616, 79, 6, 1, '2014-06-05 03:20:15'),
(92, 83, 55, 5, 1, '2015-04-01 11:48:39'),
(93, 648, 36, 7, 1, '2015-03-06 10:10:57'),
(94, 43, 84, 6, 1, '2016-09-16 16:32:40'),
(95, 342, 9, 18, 1, '2015-04-17 13:22:46'),
(96, 713, 41, 16, 1, '2016-04-04 22:11:25'),
(97, 167, 8, 5, 1, '2014-05-02 20:22:46'),
(98, 311, 10, 15, 1, '2014-06-05 08:56:42'),
(99, 92, 94, 20, 1, '2014-07-24 03:10:34'),
(100, 555, 26, 11, 1, '2016-02-21 11:31:55'),
(101, 585, 74, 9, 1, '2015-05-18 18:13:16'),
(102, 664, 74, 4, 1, '2015-07-06 10:09:52'),
(103, 615, 9, 6, 1, '2014-12-19 13:30:26'),
(104, 357, 86, 4, 1, '2016-07-17 18:33:54'),
(105, 651, 8, 16, 1, '2015-11-19 21:28:11'),
(106, 853, 48, 9, 1, '2015-07-11 16:57:53'),
(107, 662, 30, 12, 1, '2014-04-24 14:06:06'),
(108, 871, 95, 10, 1, '2014-05-15 16:04:09'),
(109, 116, 84, 19, 1, '2015-09-26 00:51:17'),
(110, 628, 10, 4, 1, '2014-05-13 20:06:31'),
(111, 982, 31, 12, 1, '2015-04-03 00:43:20'),
(112, 845, 28, 3, 1, '2015-04-06 20:47:22'),
(113, 729, 79, 14, 1, '2014-08-04 21:09:19'),
(114, 739, 33, 5, 1, '2015-08-05 17:19:32'),
(115, 326, 88, 20, 1, '2015-10-06 13:07:51'),
(116, 30, 60, 20, 1, '2014-02-11 02:27:21'),
(117, 240, 67, 15, 1, '2016-04-02 06:06:02'),
(118, 936, 93, 6, 1, '2015-02-09 00:23:39'),
(119, 443, 75, 13, 1, '2015-05-25 22:02:26'),
(120, 177, 67, 14, 1, '2014-07-25 03:51:48'),
(121, 400, 22, 19, 1, '2015-07-12 21:26:10'),
(122, 969, 65, 3, 1, '2015-08-16 12:02:39'),
(123, 83, 68, 6, 1, '2015-12-26 23:14:49'),
(124, 34, 23, 2, 1, '2014-05-11 17:42:31'),
(125, 959, 21, 19, 1, '2014-02-01 12:55:29'),
(126, 588, 24, 10, 1, '2016-11-21 21:01:15'),
(127, 997, 41, 12, 1, '2014-03-28 08:27:46'),
(128, 352, 3, 18, 1, '2014-03-18 15:45:13'),
(129, 666, 37, 11, 1, '2014-09-16 20:18:45'),
(130, 543, 44, 3, 1, '2015-08-16 00:06:14'),
(131, 934, 69, 8, 1, '2014-11-27 20:27:01'),
(132, 881, 82, 16, 1, '2016-01-13 14:46:39'),
(133, 271, 47, 9, 1, '2015-02-24 16:20:40'),
(134, 584, 1, 16, 1, '2016-08-22 12:00:19'),
(135, 645, 28, 8, 1, '2014-09-13 05:58:19'),
(136, 371, 35, 13, 1, '2016-05-15 08:30:35'),
(137, 524, 24, 9, 1, '2014-02-16 18:46:02'),
(138, 461, 69, 5, 1, '2014-08-04 05:30:17'),
(139, 879, 93, 7, 1, '2014-07-10 04:45:25'),
(140, 572, 38, 2, 1, '2016-02-17 16:42:46'),
(141, 177, 44, 6, 1, '2014-06-14 20:21:34'),
(142, 923, 25, 4, 1, '2016-05-11 20:20:52'),
(143, 386, 38, 1, 1, '2016-12-08 13:34:05'),
(144, 234, 65, 19, 1, '2015-01-14 07:06:56'),
(145, 977, 83, 15, 1, '2016-09-11 15:50:03'),
(146, 722, 42, 8, 1, '2016-07-09 03:15:48'),
(147, 917, 38, 3, 1, '2014-11-02 00:09:03'),
(148, 107, 91, 20, 1, '2016-10-24 23:28:50'),
(149, 676, 14, 10, 1, '2016-11-28 23:58:11'),
(150, 606, 96, 13, 1, '2015-01-17 21:00:52'),
(151, 222, 69, 10, 1, '2014-12-12 08:15:04'),
(152, 940, 91, 18, 1, '2015-02-15 10:33:14'),
(153, 23, 13, 7, 1, '2016-07-02 12:30:46'),
(154, 327, 61, 14, 1, '2014-06-02 19:20:48'),
(155, 50, 6, 16, 1, '2015-12-04 07:38:54'),
(156, 485, 40, 9, 1, '2015-11-06 11:05:53'),
(157, 769, 56, 1, 1, '2015-07-10 01:10:32'),
(158, 633, 13, 5, 1, '2016-08-12 15:00:20'),
(159, 151, 23, 16, 1, '2014-08-26 14:03:16'),
(160, 491, 14, 9, 1, '2014-09-19 19:50:31'),
(161, 664, 16, 6, 1, '2016-08-17 08:44:13'),
(162, 276, 27, 1, 1, '2015-05-12 03:46:15'),
(163, 276, 95, 6, 1, '2015-09-16 01:13:57'),
(164, 707, 87, 11, 1, '2015-05-19 05:32:54'),
(165, 456, 69, 19, 1, '2014-06-15 02:58:35'),
(166, 4, 78, 18, 1, '2015-04-24 02:22:17'),
(167, 174, 98, 20, 1, '2016-01-22 08:56:42'),
(168, 885, 34, 11, 1, '2016-09-26 10:57:46'),
(169, 897, 90, 13, 1, '2016-11-27 03:35:23'),
(170, 568, 40, 10, 1, '2015-03-11 06:33:11'),
(171, 596, 6, 12, 1, '2016-03-09 06:54:14'),
(172, 773, 31, 4, 1, '2015-06-06 04:50:52'),
(173, 737, 54, 3, 1, '2014-08-16 03:21:22'),
(174, 718, 89, 13, 1, '2016-11-24 07:04:42'),
(175, 291, 95, 20, 1, '2016-02-27 13:54:20'),
(176, 122, 51, 6, 1, '2014-03-07 05:56:59'),
(177, 725, 36, 6, 1, '2014-05-05 21:01:16'),
(178, 204, 100, 1, 1, '2015-12-26 01:40:34'),
(179, 9, 39, 16, 1, '2014-06-12 23:41:44'),
(180, 683, 71, 10, 1, '2014-12-24 08:59:49'),
(181, 612, 11, 15, 1, '2014-12-13 03:20:51'),
(182, 776, 48, 10, 1, '2016-05-12 05:06:34'),
(183, 501, 14, 17, 1, '2015-12-14 05:58:12'),
(184, 204, 65, 12, 1, '2015-03-19 06:45:10'),
(185, 146, 55, 6, 1, '2014-02-06 15:03:52'),
(186, 184, 7, 14, 1, '2014-10-02 13:08:26'),
(187, 516, 94, 16, 1, '2016-05-25 03:33:28'),
(188, 436, 8, 7, 1, '2014-11-16 17:58:45'),
(189, 80, 41, 13, 1, '2014-07-05 02:55:04'),
(190, 178, 53, 9, 1, '2016-11-17 20:29:55'),
(191, 805, 54, 10, 1, '2016-07-10 09:08:17'),
(192, 129, 76, 10, 1, '2015-08-06 12:24:19'),
(193, 162, 45, 12, 1, '2016-01-03 07:41:11'),
(194, 508, 61, 9, 1, '2016-07-23 19:56:46'),
(195, 118, 70, 14, 1, '2014-01-19 18:30:24'),
(196, 33, 42, 16, 1, '2015-04-11 08:48:38'),
(197, 142, 41, 18, 1, '2015-04-21 01:05:00'),
(198, 924, 5, 10, 1, '2015-05-11 05:13:44'),
(199, 203, 17, 1, 1, '2016-10-16 00:24:35'),
(200, 898, 83, 20, 1, '2015-07-23 23:54:26'),
(201, 771, 6, 6, 1, '2014-02-24 23:54:14'),
(202, 175, 61, 6, 1, '2015-03-04 18:05:34'),
(203, 812, 69, 8, 1, '2014-06-23 20:33:33'),
(204, 474, 73, 17, 1, '2014-03-08 04:29:29'),
(205, 798, 14, 10, 1, '2016-04-05 22:51:39'),
(206, 13, 4, 12, 1, '2014-10-22 06:18:02'),
(207, 695, 2, 9, 1, '2014-10-04 02:45:06'),
(208, 511, 88, 2, 1, '2014-12-15 16:15:32'),
(209, 973, 40, 7, 1, '2016-07-12 15:42:59'),
(210, 187, 9, 4, 1, '2016-11-02 11:35:51'),
(211, 601, 89, 19, 1, '2016-07-08 10:42:56'),
(212, 759, 1, 10, 1, '2016-07-09 05:00:19'),
(213, 47, 59, 9, 1, '2014-07-12 19:13:01'),
(214, 446, 50, 17, 1, '2016-03-21 01:43:47'),
(215, 280, 8, 13, 1, '2014-07-01 15:11:50'),
(216, 968, 89, 16, 1, '2014-10-10 14:27:35'),
(217, 770, 46, 14, 1, '2015-02-24 05:07:28'),
(218, 542, 3, 5, 1, '2016-07-16 20:25:35'),
(219, 483, 32, 7, 1, '2016-05-03 11:57:32'),
(220, 887, 26, 14, 1, '2014-05-11 12:21:07'),
(221, 890, 76, 15, 1, '2015-12-14 15:10:06'),
(222, 223, 43, 3, 1, '2014-08-09 14:28:00'),
(223, 960, 36, 14, 1, '2016-12-08 15:44:47'),
(224, 268, 87, 1, 1, '2014-02-07 17:29:37'),
(225, 160, 23, 8, 1, '2014-11-04 19:07:40'),
(226, 240, 44, 7, 1, '2016-03-19 23:36:48'),
(227, 459, 96, 11, 1, '2015-12-08 23:17:21'),
(228, 859, 48, 11, 1, '2016-09-17 23:34:52'),
(229, 327, 64, 8, 1, '2014-08-13 11:43:55'),
(230, 344, 82, 12, 1, '2014-12-13 19:35:42'),
(231, 733, 86, 13, 1, '2014-02-24 03:22:57'),
(232, 412, 82, 19, 1, '2016-11-07 01:22:37'),
(233, 144, 73, 9, 1, '2014-11-07 08:42:35'),
(234, 283, 32, 11, 1, '2016-10-11 19:08:28'),
(235, 529, 82, 13, 1, '2016-03-22 22:43:23'),
(236, 675, 66, 19, 1, '2016-06-25 16:37:36'),
(237, 358, 24, 8, 1, '2016-06-07 05:51:26'),
(238, 808, 69, 2, 1, '2014-04-06 18:01:52'),
(239, 599, 58, 8, 1, '2014-12-22 02:05:21'),
(240, 400, 74, 8, 1, '2016-02-09 15:05:35'),
(241, 721, 94, 17, 1, '2016-02-05 21:54:13'),
(242, 669, 67, 18, 1, '2015-05-19 09:00:37'),
(243, 693, 90, 12, 1, '2016-02-18 09:14:38'),
(244, 335, 81, 20, 1, '2014-09-08 14:31:18'),
(245, 983, 56, 14, 1, '2015-08-24 23:35:41'),
(246, 616, 2, 14, 1, '2014-08-16 10:49:29'),
(247, 560, 52, 20, 1, '2015-07-02 12:54:58'),
(248, 231, 63, 9, 1, '2014-11-14 09:39:31'),
(249, 893, 87, 12, 1, '2014-08-28 08:40:34'),
(250, 399, 49, 5, 1, '2016-11-16 15:13:14'),
(251, 950, 20, 7, 1, '2014-11-24 07:51:06'),
(252, 838, 94, 12, 1, '2016-06-21 18:15:58'),
(253, 201, 60, 7, 1, '2014-11-09 17:55:38'),
(254, 768, 82, 8, 1, '2016-11-14 19:57:35'),
(255, 614, 68, 8, 1, '2015-11-20 10:49:47'),
(256, 907, 49, 2, 1, '2016-01-22 09:03:25'),
(257, 658, 52, 14, 1, '2014-04-18 19:03:38'),
(258, 473, 77, 15, 1, '2014-05-02 15:47:19'),
(259, 301, 72, 19, 1, '2015-04-11 16:34:47'),
(260, 186, 3, 16, 1, '2016-08-09 02:50:37'),
(261, 13, 36, 8, 1, '2014-06-18 09:50:19'),
(262, 264, 9, 3, 1, '2015-02-01 22:26:09'),
(263, 762, 6, 14, 1, '2014-11-19 19:50:50'),
(264, 426, 31, 7, 1, '2015-09-04 15:19:18'),
(265, 17, 89, 3, 1, '2015-02-04 05:01:26'),
(266, 890, 53, 7, 1, '2015-11-04 08:41:52'),
(267, 746, 45, 8, 1, '2014-05-08 12:22:42'),
(268, 377, 9, 12, 1, '2015-03-28 16:15:13'),
(269, 419, 84, 15, 1, '2014-03-23 01:21:43'),
(270, 103, 83, 1, 1, '2016-04-04 17:15:12'),
(271, 4, 65, 17, 1, '2015-08-27 15:56:06'),
(272, 788, 11, 4, 1, '2016-11-17 01:24:08'),
(273, 969, 98, 18, 1, '2016-04-13 14:35:56'),
(274, 652, 75, 1, 1, '2015-04-23 19:55:53'),
(275, 285, 41, 14, 1, '2014-04-14 20:16:49'),
(276, 411, 12, 20, 1, '2014-05-21 11:31:48'),
(277, 418, 4, 9, 1, '2015-02-23 16:27:50'),
(278, 286, 4, 1, 1, '2016-06-24 06:25:42'),
(279, 339, 47, 16, 1, '2014-01-17 22:07:35'),
(280, 995, 87, 13, 1, '2015-06-04 17:21:57'),
(281, 516, 78, 1, 1, '2014-08-18 23:44:10'),
(282, 757, 45, 16, 1, '2015-09-02 22:31:23'),
(283, 917, 58, 17, 1, '2014-10-02 15:15:10'),
(284, 290, 11, 19, 1, '2014-12-17 12:38:20'),
(285, 11, 95, 10, 1, '2015-05-19 06:10:41'),
(286, 813, 72, 2, 1, '2014-08-05 12:56:40'),
(287, 768, 50, 12, 1, '2016-04-17 16:25:18'),
(288, 45, 60, 14, 1, '2015-07-22 14:08:44'),
(289, 656, 31, 10, 1, '2015-02-18 07:29:07'),
(290, 205, 61, 13, 1, '2014-01-26 19:27:20'),
(291, 643, 97, 17, 1, '2016-02-28 21:21:44'),
(292, 12, 8, 11, 1, '2015-12-15 18:35:51'),
(293, 198, 59, 17, 1, '2016-10-10 19:27:14'),
(294, 684, 86, 5, 1, '2016-09-02 12:47:07'),
(295, 291, 75, 6, 1, '2016-02-27 22:48:13'),
(296, 939, 30, 6, 1, '2016-01-15 16:46:28'),
(297, 390, 55, 6, 1, '2014-12-14 14:50:47'),
(298, 998, 24, 13, 1, '2016-05-11 09:43:46'),
(299, 463, 58, 14, 1, '2016-02-07 14:31:31'),
(300, 578, 2, 14, 1, '2014-07-16 04:24:20'),
(301, 979, 94, 12, 1, '2014-05-25 08:21:30'),
(302, 898, 48, 10, 1, '2016-10-16 05:59:02'),
(303, 908, 22, 16, 1, '2015-10-18 15:16:22'),
(304, 677, 97, 10, 1, '2015-01-11 00:14:11'),
(305, 717, 51, 9, 1, '2016-11-06 20:46:10'),
(306, 134, 34, 14, 1, '2014-09-12 16:21:40'),
(307, 376, 41, 7, 1, '2015-11-24 19:48:31'),
(308, 987, 92, 10, 1, '2015-07-20 21:02:47'),
(309, 354, 1, 13, 1, '2016-03-08 20:50:30'),
(310, 456, 56, 17, 1, '2015-11-19 15:32:25'),
(311, 618, 91, 3, 1, '2015-02-19 19:50:43'),
(312, 259, 61, 7, 1, '2015-07-09 13:33:52'),
(313, 639, 19, 19, 1, '2016-02-22 02:18:16'),
(314, 614, 91, 17, 1, '2015-12-02 17:18:01'),
(315, 384, 46, 17, 1, '2015-04-23 11:10:44'),
(316, 241, 79, 17, 1, '2016-12-26 18:31:12'),
(317, 322, 80, 2, 1, '2015-04-14 07:54:13'),
(318, 358, 12, 6, 1, '2016-11-10 18:25:15'),
(319, 422, 82, 6, 1, '2015-03-01 11:30:18'),
(320, 684, 22, 15, 1, '2016-06-09 07:43:32'),
(321, 154, 59, 16, 1, '2015-07-05 06:25:05'),
(322, 438, 94, 1, 1, '2016-03-09 11:37:52'),
(323, 485, 73, 5, 1, '2015-06-03 14:37:10'),
(324, 338, 63, 16, 1, '2015-11-07 21:51:36'),
(325, 884, 31, 17, 1, '2014-07-16 18:35:39'),
(326, 603, 14, 17, 1, '2014-11-18 14:39:35'),
(327, 320, 94, 7, 1, '2016-12-21 14:16:06'),
(328, 953, 79, 15, 1, '2015-11-13 06:43:09'),
(329, 263, 71, 20, 1, '2015-03-11 11:08:38'),
(330, 605, 45, 8, 1, '2016-06-04 22:16:10'),
(331, 680, 21, 9, 1, '2016-05-21 04:11:50'),
(332, 279, 44, 7, 1, '2016-04-19 05:02:57'),
(333, 40, 54, 19, 1, '2016-01-13 03:51:48'),
(334, 193, 63, 10, 1, '2014-10-15 04:13:22'),
(335, 312, 29, 5, 1, '2016-06-23 04:07:07'),
(336, 66, 34, 7, 1, '2015-10-18 11:34:45'),
(337, 965, 55, 10, 1, '2015-01-14 14:27:53'),
(338, 116, 42, 17, 1, '2015-08-16 02:16:56'),
(339, 968, 92, 10, 1, '2016-12-20 06:49:42'),
(340, 64, 22, 10, 1, '2014-02-05 18:03:17'),
(341, 789, 49, 8, 1, '2016-10-06 12:42:40'),
(342, 126, 58, 4, 1, '2014-09-28 11:08:37'),
(343, 398, 85, 19, 1, '2014-08-06 05:03:21'),
(344, 22, 85, 10, 1, '2014-02-27 20:15:18'),
(345, 262, 11, 8, 1, '2016-02-12 16:21:52'),
(346, 971, 86, 7, 1, '2014-10-16 00:36:10'),
(347, 350, 84, 8, 1, '2015-04-01 19:34:48'),
(348, 692, 97, 4, 1, '2016-06-22 12:55:34'),
(349, 133, 15, 4, 1, '2015-09-23 20:09:15'),
(350, 403, 1, 1, 1, '2014-08-01 11:24:21'),
(351, 577, 64, 10, 1, '2015-07-27 17:06:48'),
(352, 823, 33, 6, 1, '2016-12-10 11:47:50'),
(353, 152, 38, 12, 1, '2014-05-05 18:51:34'),
(354, 170, 78, 20, 1, '2016-11-05 15:17:53'),
(355, 827, 98, 2, 1, '2016-04-20 19:24:07'),
(356, 164, 69, 11, 1, '2014-04-13 12:37:50'),
(357, 70, 54, 7, 1, '2016-11-07 04:12:33'),
(358, 23, 91, 19, 1, '2016-06-20 05:00:32'),
(359, 850, 64, 19, 1, '2014-03-01 17:14:29'),
(360, 467, 78, 14, 1, '2016-03-24 08:10:20'),
(361, 636, 37, 3, 1, '2015-12-22 19:57:59'),
(362, 713, 16, 14, 1, '2014-12-11 23:19:03'),
(363, 396, 34, 14, 1, '2015-01-20 06:20:39'),
(364, 480, 37, 9, 1, '2015-07-07 17:10:04'),
(365, 600, 64, 16, 1, '2016-04-15 11:51:35'),
(366, 988, 27, 19, 1, '2014-04-27 15:57:12'),
(367, 216, 86, 4, 1, '2015-08-13 04:27:22'),
(368, 954, 20, 13, 1, '2014-12-12 09:23:48'),
(369, 713, 9, 1, 1, '2016-08-07 20:38:07'),
(370, 599, 1, 10, 1, '2014-01-05 00:41:42'),
(371, 60, 92, 3, 1, '2014-07-02 05:21:24'),
(372, 640, 3, 20, 2, '2015-04-04 03:34:16'),
(373, 725, 46, 13, 1, '2014-11-19 16:05:20'),
(374, 296, 11, 1, 1, '2015-01-22 19:15:20'),
(375, 677, 30, 6, 1, '2015-09-07 02:46:29'),
(376, 286, 59, 4, 1, '2016-03-03 16:27:14'),
(377, 385, 52, 6, 1, '2015-08-15 19:55:58'),
(378, 829, 32, 8, 1, '2014-01-16 19:24:49'),
(379, 817, 72, 8, 1, '2014-10-22 15:28:22'),
(380, 643, 65, 2, 1, '2015-07-03 18:48:26'),
(381, 443, 100, 16, 1, '2015-09-18 22:54:47'),
(382, 948, 41, 5, 1, '2016-11-07 17:53:56'),
(383, 231, 95, 5, 1, '2014-06-11 12:11:49'),
(384, 461, 95, 7, 1, '2014-11-25 04:22:38'),
(385, 650, 67, 18, 1, '2014-10-19 18:47:32'),
(386, 403, 11, 8, 1, '2014-01-15 07:27:24'),
(387, 668, 74, 10, 1, '2015-09-23 12:41:34'),
(388, 490, 24, 16, 1, '2014-03-05 15:53:34'),
(389, 755, 26, 6, 1, '2016-09-13 02:20:58'),
(390, 943, 18, 11, 1, '2016-07-07 07:52:00'),
(391, 879, 83, 20, 1, '2014-01-24 09:42:22'),
(392, 480, 27, 2, 1, '2015-01-21 21:07:00'),
(393, 509, 54, 16, 1, '2016-03-19 16:16:50'),
(394, 320, 37, 9, 1, '2016-01-04 12:51:27'),
(395, 613, 98, 9, 1, '2016-04-06 20:59:58'),
(396, 181, 80, 2, 1, '2014-04-10 17:48:41'),
(397, 661, 24, 3, 1, '2015-12-03 06:20:52'),
(398, 283, 42, 18, 2, '2016-04-25 15:11:32'),
(399, 621, 93, 13, 2, '2016-04-18 17:18:08'),
(400, 343, 57, 9, 1, '2015-09-20 20:43:21'),
(401, 961, 12, 2, 1, '2015-10-14 13:19:50'),
(402, 581, 9, 13, 1, '2015-12-08 10:36:58'),
(403, 652, 43, 5, 1, '2015-08-26 16:23:36'),
(404, 716, 33, 19, 1, '2014-12-17 00:35:45'),
(405, 160, 94, 7, 1, '2014-06-17 09:57:29'),
(406, 966, 13, 8, 1, '2015-12-03 16:51:32'),
(407, 456, 24, 2, 1, '2014-03-22 12:59:07'),
(408, 50, 83, 8, 1, '2015-10-22 00:09:39'),
(409, 8, 43, 14, 1, '2015-08-05 10:59:34'),
(410, 186, 28, 18, 1, '2016-11-02 02:42:58'),
(411, 784, 10, 18, 1, '2016-09-28 23:52:26'),
(412, 94, 83, 9, 1, '2016-01-27 12:11:48'),
(413, 254, 35, 18, 1, '2016-02-27 11:09:50'),
(414, 993, 30, 19, 1, '2014-07-26 10:52:01'),
(415, 385, 77, 9, 1, '2014-11-08 18:47:19'),
(416, 600, 6, 18, 1, '2016-05-26 09:26:56'),
(417, 648, 45, 14, 1, '2015-09-20 06:14:01'),
(418, 135, 94, 6, 1, '2014-10-12 11:07:25'),
(419, 10, 100, 8, 1, '2016-07-12 17:28:30'),
(420, 316, 29, 11, 1, '2016-07-11 06:39:49'),
(421, 941, 49, 16, 1, '2015-01-04 12:57:53'),
(422, 363, 95, 13, 1, '2015-03-09 21:13:57'),
(423, 408, 52, 12, 1, '2016-04-04 12:40:45'),
(424, 994, 26, 1, 1, '2016-05-05 23:34:11'),
(425, 882, 20, 20, 1, '2015-12-02 01:04:11'),
(426, 427, 7, 15, 1, '2014-08-11 13:54:21'),
(427, 330, 11, 15, 1, '2015-01-05 22:08:47'),
(428, 382, 73, 4, 1, '2016-08-26 05:57:48'),
(429, 221, 34, 1, 1, '2015-02-05 13:20:39'),
(430, 78, 7, 8, 1, '2016-10-09 02:55:22'),
(431, 525, 49, 12, 1, '2016-06-09 17:38:23'),
(432, 232, 43, 15, 1, '2016-11-14 18:32:24'),
(433, 709, 66, 13, 1, '2016-06-08 19:30:04'),
(434, 64, 67, 6, 1, '2014-05-26 08:01:45'),
(435, 744, 44, 18, 1, '2015-04-08 15:55:17'),
(436, 292, 13, 9, 1, '2015-02-16 09:05:45'),
(437, 96, 91, 12, 1, '2015-07-02 13:19:09'),
(438, 136, 65, 5, 1, '2016-04-26 00:58:15'),
(439, 735, 68, 9, 1, '2015-04-24 10:42:15'),
(440, 313, 57, 2, 1, '2015-11-26 19:21:35'),
(441, 131, 84, 13, 1, '2014-02-09 13:32:40'),
(442, 44, 74, 19, 1, '2016-03-02 21:29:37'),
(443, 251, 98, 19, 1, '2015-03-21 19:47:00'),
(444, 45, 50, 7, 1, '2015-01-08 19:05:40'),
(445, 564, 20, 10, 1, '2015-01-22 12:54:22'),
(446, 538, 70, 4, 1, '2016-10-03 15:21:36'),
(447, 40, 9, 3, 1, '2016-10-20 13:52:19'),
(448, 239, 68, 20, 1, '2014-04-13 01:01:44'),
(449, 146, 74, 20, 1, '2015-01-06 06:10:59'),
(450, 367, 28, 14, 1, '2015-12-22 02:18:57'),
(451, 852, 75, 16, 1, '2016-11-15 10:44:57'),
(452, 643, 84, 16, 1, '2016-06-03 09:55:33'),
(453, 626, 21, 16, 1, '2016-11-10 11:04:18'),
(454, 283, 22, 4, 1, '2015-04-25 00:05:25'),
(455, 438, 72, 13, 1, '2016-02-26 04:08:37'),
(456, 8, 75, 10, 1, '2015-03-02 13:31:52'),
(457, 755, 36, 13, 1, '2016-03-27 22:23:02'),
(458, 35, 28, 11, 1, '2014-08-04 02:27:45'),
(459, 547, 74, 10, 1, '2015-04-19 12:48:06'),
(460, 84, 15, 17, 1, '2015-05-01 05:35:25'),
(461, 282, 94, 8, 1, '2016-11-22 08:50:57'),
(462, 373, 21, 7, 1, '2014-09-07 02:09:42'),
(463, 929, 56, 1, 1, '2014-02-14 06:29:08'),
(464, 620, 80, 12, 1, '2014-08-22 05:52:57'),
(465, 958, 70, 14, 1, '2015-07-15 13:11:47'),
(466, 46, 76, 9, 1, '2014-05-01 18:57:01'),
(467, 335, 94, 1, 1, '2014-05-04 02:56:29'),
(468, 368, 43, 9, 1, '2014-09-01 06:06:14'),
(469, 532, 39, 7, 1, '2014-01-01 05:12:19'),
(470, 806, 67, 12, 1, '2016-02-06 21:34:27'),
(471, 515, 63, 5, 1, '2014-10-11 19:55:53'),
(472, 77, 81, 5, 1, '2016-06-16 03:03:01'),
(473, 754, 75, 1, 1, '2014-02-27 03:36:16'),
(474, 401, 70, 10, 1, '2015-12-16 04:47:45'),
(475, 218, 37, 9, 1, '2014-03-27 03:11:05'),
(476, 497, 68, 14, 1, '2015-07-04 13:28:02'),
(477, 375, 55, 12, 1, '2016-07-03 01:09:24'),
(478, 582, 60, 18, 1, '2014-07-22 09:20:41'),
(479, 194, 91, 7, 1, '2016-03-18 20:28:50'),
(480, 377, 79, 11, 1, '2014-10-13 06:05:02'),
(481, 144, 53, 15, 1, '2016-12-07 17:36:28'),
(482, 100, 11, 12, 1, '2015-08-19 06:58:58'),
(483, 194, 1, 14, 1, '2014-09-04 15:31:53'),
(484, 469, 90, 11, 1, '2014-11-09 00:40:48'),
(485, 812, 44, 5, 1, '2014-03-02 21:42:12'),
(486, 703, 99, 6, 1, '2014-11-27 14:26:22'),
(487, 967, 41, 5, 1, '2014-05-06 07:06:00'),
(488, 521, 74, 8, 1, '2016-07-13 14:58:02'),
(489, 128, 2, 17, 1, '2016-12-10 06:11:23'),
(490, 142, 99, 16, 1, '2015-03-10 02:29:39'),
(491, 264, 87, 15, 1, '2015-12-18 14:57:55'),
(492, 285, 8, 19, 1, '2014-08-18 17:43:32'),
(493, 843, 4, 5, 1, '2016-01-24 16:50:44'),
(494, 167, 86, 16, 1, '2014-03-20 13:53:32'),
(495, 834, 13, 20, 1, '2014-04-04 06:49:24'),
(496, 509, 66, 18, 1, '2015-10-16 04:41:00'),
(497, 706, 24, 5, 1, '2016-03-09 19:23:01'),
(498, 529, 34, 2, 1, '2014-10-19 16:22:47'),
(499, 427, 95, 14, 1, '2014-12-14 01:28:10'),
(500, 944, 24, 19, 1, '2015-11-28 15:37:14'),
(501, 467, 36, 11, 1, '2016-02-13 10:34:58'),
(502, 976, 19, 8, 1, '2014-07-01 05:41:10'),
(503, 794, 7, 12, 1, '2015-11-12 17:38:00'),
(504, 341, 55, 19, 1, '2016-07-21 23:15:56'),
(505, 877, 17, 20, 2, '2016-08-03 06:09:22'),
(506, 258, 16, 10, 1, '2015-04-16 22:35:24'),
(507, 684, 25, 9, 1, '2016-08-20 23:05:39'),
(508, 448, 36, 12, 1, '2014-08-14 19:21:54'),
(509, 685, 40, 5, 1, '2015-06-27 03:54:56'),
(510, 127, 99, 2, 1, '2016-10-27 14:49:16'),
(511, 848, 23, 1, 1, '2015-02-02 14:33:50'),
(512, 16, 41, 12, 1, '2015-09-28 23:40:51'),
(513, 642, 82, 1, 2, '2016-04-21 17:32:26'),
(514, 332, 45, 20, 1, '2016-10-01 22:08:29'),
(515, 36, 76, 1, 1, '2016-01-07 08:48:20'),
(516, 795, 45, 16, 1, '2015-10-02 04:56:32'),
(517, 497, 16, 5, 1, '2015-12-07 19:49:37'),
(518, 623, 27, 18, 1, '2015-01-14 17:18:50'),
(519, 996, 60, 6, 1, '2014-03-01 23:34:53'),
(520, 535, 23, 17, 1, '2015-05-10 04:55:43'),
(521, 1, 18, 10, 1, '2014-03-07 03:30:14'),
(522, 750, 20, 12, 1, '2014-04-03 15:02:02'),
(523, 480, 50, 10, 1, '2015-03-04 04:36:14'),
(524, 986, 51, 12, 1, '2016-05-20 17:22:08'),
(525, 903, 64, 12, 1, '2015-09-12 11:20:01'),
(526, 462, 100, 16, 1, '2016-03-18 12:07:52'),
(527, 238, 20, 9, 1, '2015-11-09 19:40:09'),
(528, 898, 3, 14, 1, '2016-07-23 14:01:33'),
(529, 954, 27, 6, 1, '2015-04-16 12:04:44'),
(530, 511, 43, 5, 1, '2014-09-22 02:17:04'),
(531, 19, 45, 16, 1, '2016-01-10 12:30:22'),
(532, 21, 54, 19, 1, '2015-07-13 13:38:43'),
(533, 903, 84, 6, 1, '2015-09-12 02:26:08'),
(534, 645, 21, 15, 1, '2014-05-10 01:17:22'),
(535, 573, 1, 8, 1, '2014-05-27 02:51:38'),
(536, 104, 79, 3, 1, '2015-02-11 06:57:22'),
(537, 500, 8, 8, 1, '2016-08-21 21:13:58'),
(538, 616, 12, 1, 1, '2014-02-02 05:52:33'),
(539, 651, 63, 19, 1, '2016-08-26 07:29:43'),
(540, 899, 54, 19, 1, '2015-02-09 13:45:16'),
(541, 496, 75, 7, 1, '2016-11-08 16:09:58'),
(542, 172, 89, 17, 1, '2014-07-19 08:48:21'),
(543, 3, 5, 5, 1, '2016-07-27 21:09:21'),
(544, 155, 52, 3, 1, '2015-03-01 03:45:09'),
(545, 640, 60, 17, 1, '2015-03-21 05:58:55'),
(546, 65, 28, 18, 1, '2016-06-26 02:48:31'),
(547, 377, 2, 19, 1, '2014-11-24 13:35:17'),
(548, 621, 50, 11, 1, '2016-02-08 19:42:46'),
(549, 683, 39, 14, 1, '2014-04-27 05:26:32'),
(550, 43, 4, 20, 1, '2014-08-16 07:39:47'),
(551, 526, 30, 18, 1, '2016-06-09 02:32:16'),
(552, 49, 22, 16, 1, '2016-09-22 05:22:54'),
(553, 374, 85, 13, 1, '2016-12-18 12:19:35'),
(554, 857, 91, 17, 1, '2015-10-10 16:05:56'),
(555, 197, 63, 16, 1, '2014-12-03 06:45:04'),
(556, 187, 44, 14, 1, '2015-09-09 06:30:15'),
(557, 464, 74, 9, 1, '2015-12-14 18:20:48'),
(558, 257, 65, 5, 1, '2016-09-02 00:51:42'),
(559, 142, 77, 8, 1, '2015-01-28 19:00:24'),
(560, 786, 89, 20, 1, '2015-09-17 13:51:37'),
(561, 702, 81, 16, 1, '2015-12-09 18:15:58'),
(562, 993, 1, 18, 1, '2016-02-12 00:42:50'),
(563, 111, 46, 9, 1, '2016-08-20 11:02:04'),
(564, 597, 34, 9, 1, '2016-09-12 22:09:42'),
(565, 838, 81, 11, 1, '2014-10-25 06:49:48'),
(566, 815, 73, 12, 1, '2015-10-05 10:23:05'),
(567, 853, 46, 15, 1, '2015-05-01 00:35:46'),
(568, 368, 53, 16, 1, '2015-03-15 02:10:18'),
(569, 623, 49, 6, 1, '2015-02-25 00:47:04'),
(570, 473, 58, 1, 1, '2014-05-02 00:40:12'),
(571, 118, 51, 20, 1, '2014-02-19 03:24:17'),
(572, 850, 21, 16, 1, '2014-02-19 19:38:08'),
(573, 806, 60, 19, 1, '2015-11-03 17:54:31'),
(574, 717, 29, 1, 1, '2016-10-24 13:17:56'),
(575, 657, 36, 19, 1, '2015-06-11 15:14:21'),
(576, 793, 14, 4, 1, '2016-02-16 20:19:57'),
(577, 138, 89, 3, 1, '2014-07-08 05:54:53'),
(578, 297, 61, 6, 1, '2015-08-08 18:58:02'),
(579, 219, 77, 7, 1, '2016-04-27 06:51:43'),
(580, 947, 6, 16, 1, '2016-01-28 22:58:31'),
(581, 368, 11, 14, 1, '2014-02-05 04:34:57'),
(582, 963, 31, 12, 1, '2014-10-04 09:30:15'),
(583, 555, 49, 19, 1, '2016-03-03 18:00:09'),
(584, 62, 71, 4, 1, '2015-07-19 19:19:34'),
(585, 247, 1, 7, 2, '2014-03-14 09:37:26'),
(586, 465, 12, 13, 1, '2014-11-03 05:38:20'),
(587, 414, 26, 11, 1, '2015-02-17 20:25:23'),
(588, 888, 87, 6, 1, '2014-06-11 06:08:52'),
(589, 524, 34, 16, 1, '2014-08-02 13:50:06'),
(590, 552, 80, 4, 1, '2015-09-28 23:05:02'),
(591, 547, 84, 17, 1, '2016-09-05 08:51:10'),
(592, 175, 26, 16, 1, '2015-06-25 00:10:10'),
(593, 950, 85, 17, 1, '2015-01-17 12:56:41'),
(594, 976, 9, 1, 1, '2014-01-15 09:37:06'),
(595, 703, 97, 12, 1, '2015-10-16 22:03:15'),
(596, 673, 64, 9, 2, '2015-04-25 19:10:12'),
(597, 274, 28, 5, 1, '2016-05-23 22:41:58'),
(598, 485, 76, 19, 1, '2015-08-13 06:00:17'),
(599, 632, 40, 11, 1, '2014-12-16 09:48:24'),
(600, 132, 77, 20, 1, '2016-10-06 09:52:43'),
(601, 246, 40, 15, 1, '2015-02-15 15:50:40'),
(602, 831, 54, 12, 1, '2016-03-16 07:58:21'),
(603, 85, 89, 10, 1, '2014-01-25 11:48:21'),
(604, 301, 39, 4, 1, '2014-08-14 13:01:30'),
(605, 617, 95, 1, 1, '2016-04-12 07:08:33'),
(606, 762, 18, 15, 1, '2014-07-15 06:16:01'),
(607, 811, 18, 3, 1, '2015-11-09 22:50:51'),
(608, 932, 25, 16, 1, '2015-08-17 00:24:15'),
(609, 136, 68, 19, 1, '2016-06-08 16:20:22'),
(610, 29, 45, 4, 1, '2014-04-05 22:39:03'),
(611, 561, 3, 5, 1, '2014-02-16 11:38:40'),
(612, 774, 11, 10, 1, '2015-06-06 13:44:45'),
(613, 554, 33, 4, 1, '2016-06-24 14:11:51'),
(614, 383, 8, 14, 1, '2016-05-05 00:52:12'),
(615, 84, 18, 11, 1, '2014-07-11 21:58:32'),
(616, 576, 71, 3, 1, '2016-11-02 21:46:45'),
(617, 620, 67, 10, 1, '2014-12-25 17:26:47'),
(618, 572, 83, 18, 1, '2015-05-10 06:40:14'),
(619, 131, 39, 16, 1, '2014-11-16 22:34:12'),
(620, 89, 79, 9, 1, '2016-09-28 18:17:59'),
(621, 85, 44, 13, 1, '2014-10-04 21:50:53'),
(622, 347, 44, 14, 1, '2015-03-12 11:49:52'),
(623, 451, 40, 16, 1, '2015-11-23 08:11:25'),
(624, 64, 12, 3, 1, '2014-08-19 22:00:13'),
(625, 698, 38, 8, 1, '2015-09-10 18:07:55'),
(626, 458, 68, 15, 1, '2016-06-05 07:03:52'),
(627, 794, 97, 5, 1, '2015-05-26 21:35:57'),
(628, 249, 45, 19, 1, '2016-06-25 04:40:11'),
(629, 209, 26, 10, 1, '2014-05-08 03:04:37'),
(630, 655, 28, 16, 1, '2016-12-08 15:06:00'),
(631, 911, 84, 18, 1, '2015-12-17 07:31:32'),
(632, 395, 51, 14, 1, '2016-11-10 05:04:39'),
(633, 369, 81, 13, 1, '2014-09-18 17:24:46'),
(634, 688, 100, 13, 1, '2016-07-15 02:45:59'),
(635, 552, 77, 10, 1, '2015-07-18 07:42:55'),
(636, 253, 7, 1, 1, '2016-09-24 19:55:21'),
(637, 928, 80, 13, 1, '2015-03-07 08:53:05'),
(638, 307, 58, 20, 1, '2016-10-20 12:45:36'),
(639, 465, 50, 17, 1, '2014-10-21 16:55:52'),
(640, 571, 87, 17, 1, '2016-07-03 17:58:03'),
(641, 634, 96, 5, 1, '2016-11-23 16:16:20'),
(642, 262, 78, 12, 1, '2016-07-15 14:49:34'),
(643, 403, 79, 12, 1, '2014-06-19 04:55:06'),
(644, 100, 66, 15, 1, '2015-05-26 16:00:30'),
(645, 240, 6, 3, 1, '2014-04-02 12:19:16'),
(646, 303, 35, 5, 1, '2016-06-21 02:43:40'),
(647, 113, 38, 12, 1, '2014-04-06 13:26:24'),
(648, 590, 20, 12, 1, '2015-09-28 10:43:26'),
(649, 493, 83, 4, 1, '2015-03-22 14:45:38'),
(650, 179, 4, 14, 1, '2015-06-03 19:13:38'),
(651, 348, 2, 12, 1, '2014-02-02 12:13:31'),
(652, 791, 22, 1, 1, '2015-07-02 18:55:36'),
(653, 145, 4, 1, 1, '2015-07-20 16:19:10'),
(654, 642, 59, 13, 1, '2016-03-11 10:03:12'),
(655, 855, 47, 5, 1, '2016-07-28 21:02:11'),
(656, 452, 49, 19, 1, '2014-05-27 09:19:46'),
(657, 946, 42, 9, 1, '2014-11-17 11:48:38'),
(658, 441, 76, 18, 1, '2014-05-08 17:58:09'),
(659, 386, 48, 8, 1, '2014-06-22 08:37:08'),
(660, 325, 75, 19, 1, '2015-02-10 01:41:41'),
(661, 645, 73, 5, 1, '2014-12-06 19:56:47'),
(662, 325, 30, 3, 1, '2015-11-17 11:43:12'),
(663, 691, 79, 14, 1, '2014-07-04 16:44:10'),
(664, 159, 75, 18, 1, '2015-06-28 13:46:05'),
(665, 992, 73, 2, 1, '2014-09-08 08:28:22'),
(666, 46, 95, 3, 1, '2015-04-01 09:03:08'),
(667, 518, 15, 20, 1, '2015-07-24 15:06:59'),
(668, 704, 25, 9, 1, '2014-03-19 14:18:43'),
(669, 738, 15, 15, 1, '2016-09-16 21:08:07'),
(670, 352, 48, 14, 1, '2014-06-11 05:43:41'),
(671, 620, 32, 1, 1, '2014-03-18 23:31:22'),
(672, 709, 98, 8, 1, '2016-01-04 22:03:21'),
(673, 632, 75, 1, 1, '2014-09-23 04:43:49'),
(674, 994, 62, 10, 1, '2016-03-11 18:29:36'),
(675, 745, 4, 10, 1, '2015-04-08 09:42:03'),
(676, 926, 71, 10, 1, '2014-10-04 07:45:44'),
(677, 425, 28, 13, 1, '2016-07-22 23:56:11'),
(678, 723, 12, 7, 1, '2015-02-23 17:05:37'),
(679, 643, 7, 4, 1, '2016-08-14 16:24:47'),
(680, 103, 19, 11, 1, '2015-01-11 12:11:36'),
(681, 866, 50, 7, 1, '2014-12-05 23:33:59'),
(682, 287, 75, 20, 1, '2016-01-10 20:16:31'),
(683, 64, 15, 17, 1, '2016-10-01 14:22:20'),
(684, 992, 15, 4, 1, '2014-10-19 06:03:43'),
(685, 706, 14, 18, 1, '2015-09-22 23:19:57'),
(686, 437, 24, 2, 1, '2016-09-23 21:47:02'),
(687, 759, 4, 4, 1, '2016-09-19 21:22:26'),
(688, 341, 35, 5, 1, '2016-07-20 08:09:49'),
(689, 694, 96, 20, 1, '2015-06-11 17:59:52'),
(690, 923, 35, 11, 1, '2016-10-25 15:23:55'),
(691, 478, 48, 20, 1, '2014-01-04 07:09:50'),
(692, 901, 55, 9, 1, '2016-04-09 10:12:40'),
(693, 580, 71, 9, 1, '2015-01-19 23:18:27'),
(694, 495, 82, 19, 1, '2014-03-11 19:49:55'),
(695, 970, 23, 1, 1, '2015-07-06 14:27:18'),
(696, 423, 49, 11, 1, '2014-07-04 08:58:00'),
(697, 115, 14, 20, 1, '2016-03-12 11:01:28'),
(698, 903, 41, 4, 1, '2015-08-01 04:51:47'),
(699, 985, 3, 1, 1, '2016-12-17 11:01:33'),
(700, 655, 93, 6, 1, '2016-03-01 20:11:35'),
(701, 49, 100, 8, 1, '2016-08-11 22:53:40'),
(702, 897, 87, 18, 1, '2016-09-17 11:12:16'),
(703, 274, 64, 15, 1, '2016-02-02 17:36:22'),
(704, 348, 60, 9, 1, '2014-01-19 14:37:10'),
(705, 130, 4, 7, 1, '2014-02-09 04:39:47'),
(706, 227, 95, 19, 1, '2014-05-22 10:39:07'),
(707, 586, 80, 18, 1, '2014-08-11 02:58:30'),
(708, 252, 27, 15, 1, '2014-08-24 10:01:29'),
(709, 111, 1, 13, 1, '2016-05-27 21:03:35'),
(710, 643, 39, 19, 1, '2016-03-10 19:56:05'),
(711, 672, 26, 5, 1, '2016-05-08 08:52:40'),
(712, 117, 68, 19, 1, '2015-11-08 02:08:17'),
(713, 739, 66, 20, 1, '2015-03-02 20:52:50'),
(714, 894, 96, 15, 1, '2015-01-03 09:48:55'),
(715, 281, 78, 12, 1, '2014-01-15 04:02:39'),
(716, 693, 58, 16, 1, '2016-07-22 06:42:20'),
(717, 766, 74, 5, 1, '2014-05-11 18:49:14'),
(718, 732, 38, 2, 1, '2015-09-21 21:01:22'),
(719, 164, 11, 13, 1, '2014-05-24 10:13:11'),
(720, 730, 72, 1, 1, '2016-04-28 18:28:22'),
(721, 942, 100, 1, 1, '2014-08-18 11:41:35'),
(722, 905, 43, 14, 1, '2016-10-01 01:18:11'),
(723, 70, 99, 3, 1, '2016-02-28 18:10:02'),
(724, 978, 86, 9, 1, '2016-11-22 07:13:10'),
(725, 16, 18, 4, 1, '2015-08-18 15:11:37'),
(726, 165, 84, 6, 1, '2016-02-20 16:26:08'),
(727, 749, 17, 17, 1, '2014-02-21 23:40:55'),
(728, 186, 73, 15, 1, '2016-02-23 16:40:26'),
(729, 738, 5, 8, 1, '2016-03-02 02:05:04'),
(730, 260, 37, 14, 1, '2014-05-15 11:08:56'),
(731, 952, 41, 11, 1, '2016-12-23 19:25:37'),
(732, 106, 10, 14, 1, '2016-09-25 14:35:57'),
(733, 859, 35, 10, 1, '2014-01-20 12:08:42'),
(734, 942, 77, 13, 1, '2014-06-08 04:11:21'),
(735, 428, 46, 19, 1, '2016-07-28 00:12:53'),
(736, 487, 72, 1, 1, '2014-06-20 19:42:28'),
(737, 128, 83, 3, 1, '2015-12-10 15:05:16'),
(738, 959, 78, 17, 1, '2014-01-18 13:19:08'),
(739, 928, 5, 16, 1, '2015-07-28 07:45:26'),
(740, 78, 32, 10, 1, '2015-01-02 02:47:43'),
(741, 296, 23, 2, 1, '2015-09-19 07:41:30'),
(742, 62, 17, 1, 1, '2015-11-12 09:18:03'),
(743, 201, 96, 17, 1, '2014-09-16 11:50:03'),
(744, 631, 67, 18, 1, '2015-03-20 03:35:28'),
(745, 112, 32, 4, 1, '2015-01-13 04:40:11'),
(746, 2, 66, 1, 1, '2016-08-10 10:51:49'),
(747, 998, 91, 17, 1, '2016-10-14 07:11:28'),
(748, 894, 50, 19, 1, '2015-10-10 18:50:27'),
(749, 327, 84, 2, 1, '2014-08-13 02:49:02'),
(750, 527, 3, 11, 1, '2015-02-05 08:45:12'),
(751, 68, 68, 12, 1, '2014-07-15 10:33:27'),
(752, 618, 59, 7, 1, '2015-07-22 17:18:26'),
(753, 690, 53, 12, 1, '2015-03-12 17:52:49'),
(754, 388, 1, 7, 1, '2015-03-18 23:43:58'),
(755, 162, 99, 16, 1, '2016-10-10 17:42:43'),
(756, 554, 66, 19, 1, '2016-01-21 17:44:09'),
(757, 951, 16, 8, 1, '2016-09-02 20:33:16'),
(758, 335, 36, 3, 1, '2014-06-15 00:32:50'),
(759, 28, 62, 4, 1, '2015-02-22 21:23:03'),
(760, 450, 47, 9, 1, '2016-03-27 12:52:22'),
(761, 861, 46, 7, 1, '2015-09-06 04:39:10'),
(762, 118, 83, 15, 1, '2014-09-15 06:56:35'),
(763, 419, 29, 11, 1, '2014-06-16 15:19:11'),
(764, 57, 78, 11, 1, '2016-10-06 20:28:49'),
(765, 170, 20, 2, 1, '2016-12-16 13:53:14'),
(766, 487, 17, 17, 1, '2014-09-13 09:40:56'),
(767, 83, 77, 13, 1, '2015-06-12 18:17:53'),
(768, 125, 33, 2, 1, '2015-06-07 12:17:16'),
(769, 626, 11, 9, 1, '2015-05-24 15:01:14'),
(770, 192, 12, 5, 1, '2015-03-01 05:30:40'),
(771, 770, 81, 4, 1, '2014-11-03 00:02:53'),
(772, 404, 87, 15, 1, '2016-12-22 05:03:27'),
(773, 982, 96, 2, 1, '2016-07-24 05:48:55'),
(774, 982, 44, 13, 1, '2015-12-28 12:09:30'),
(775, 231, 15, 18, 1, '2014-06-11 03:18:56'),
(776, 644, 16, 7, 1, '2015-01-17 17:32:08'),
(777, 985, 48, 17, 1, '2016-04-10 01:59:01'),
(778, 609, 87, 16, 1, '2016-09-03 22:24:13'),
(779, 215, 55, 13, 1, '2014-12-28 21:50:47'),
(780, 595, 93, 11, 1, '2014-08-13 19:28:04'),
(781, 387, 44, 9, 1, '2016-04-01 21:19:19'),
(782, 822, 18, 10, 1, '2016-02-03 07:59:32'),
(783, 472, 75, 1, 1, '2015-03-19 23:24:12'),
(784, 7, 95, 4, 1, '2015-03-02 03:38:59'),
(785, 938, 57, 13, 1, '2014-05-19 11:33:32'),
(786, 370, 10, 10, 1, '2016-02-22 09:38:14'),
(787, 753, 50, 19, 1, '2014-11-06 04:44:55'),
(788, 630, 96, 19, 1, '2016-09-06 14:44:38'),
(789, 387, 63, 3, 1, '2016-04-01 12:26:26'),
(790, 5, 39, 10, 1, '2014-04-23 20:09:03'),
(791, 808, 56, 20, 1, '2014-09-10 06:36:41'),
(792, 214, 71, 12, 1, '2014-10-17 19:34:47'),
(793, 484, 38, 15, 1, '2015-09-24 19:42:46'),
(794, 475, 79, 5, 1, '2016-07-01 12:14:43'),
(795, 386, 67, 2, 1, '2014-06-22 23:44:16'),
(796, 508, 96, 19, 1, '2016-04-02 14:51:11'),
(797, 980, 55, 4, 1, '2014-06-25 02:08:16'),
(798, 532, 6, 11, 1, '2014-06-04 03:39:01'),
(799, 237, 59, 17, 1, '2016-11-09 01:53:23'),
(800, 264, 45, 13, 1, '2014-11-08 16:21:34'),
(801, 625, 90, 4, 1, '2014-03-24 03:27:43'),
(802, 924, 95, 3, 1, '2015-11-25 09:10:41'),
(803, 112, 7, 1, 1, '2015-09-20 05:49:49'),
(804, 231, 93, 10, 1, '2014-05-28 20:49:42'),
(805, 167, 18, 12, 1, '2015-11-16 16:25:50'),
(806, 402, 21, 15, 1, '2014-07-01 02:31:28'),
(807, 760, 84, 10, 1, '2016-10-19 06:16:19'),
(808, 158, 15, 5, 1, '2015-05-28 19:59:19'),
(809, 358, 14, 1, 1, '2016-01-21 10:48:22'),
(810, 717, 58, 2, 1, '2014-03-10 23:26:06'),
(811, 932, 68, 18, 2, '2016-09-27 23:59:36'),
(812, 796, 86, 14, 1, '2016-11-01 07:37:11'),
(813, 948, 54, 6, 1, '2016-06-03 04:19:06'),
(814, 617, 82, 20, 1, '2016-08-15 19:42:22'),
(815, 377, 31, 20, 1, '2014-05-10 23:44:27'),
(816, 896, 82, 10, 1, '2014-06-24 02:27:02'),
(817, 686, 11, 4, 1, '2015-12-12 16:44:46'),
(818, 853, 68, 3, 1, '2015-07-11 07:04:00'),
(819, 845, 51, 11, 1, '2015-06-16 03:16:36'),
(820, 206, 76, 9, 1, '2014-11-05 23:15:38'),
(821, 323, 61, 8, 1, '2014-04-14 16:48:06'),
(822, 175, 91, 7, 1, '2015-09-18 05:15:45'),
(823, 87, 100, 7, 1, '2015-09-11 04:19:49'),
(824, 477, 45, 6, 1, '2014-11-22 15:46:43'),
(825, 607, 79, 14, 1, '2014-03-28 22:16:52'),
(826, 333, 25, 6, 1, '2016-10-01 07:02:22'),
(827, 852, 55, 2, 1, '2015-11-15 19:38:50'),
(828, 460, 64, 16, 1, '2015-04-11 20:45:03'),
(829, 291, 40, 16, 1, '2016-05-20 03:53:48'),
(830, 77, 46, 16, 1, '2014-09-09 08:08:36'),
(831, 891, 91, 11, 1, '2014-10-21 19:58:24'),
(832, 903, 6, 14, 1, '2015-11-22 09:56:22'),
(833, 123, 19, 10, 1, '2014-08-11 03:23:41'),
(834, 156, 29, 11, 1, '2016-01-08 01:20:12'),
(835, 954, 82, 9, 1, '2015-01-23 22:05:16'),
(836, 557, 48, 15, 1, '2014-03-20 23:04:26'),
(837, 853, 91, 11, 1, '2015-09-22 14:33:14'),
(838, 322, 48, 6, 1, '2014-09-17 05:22:55'),
(839, 789, 4, 12, 2, '2016-07-13 22:44:12'),
(840, 172, 64, 14, 1, '2014-03-26 08:56:00'),
(841, 231, 31, 14, 1, '2014-04-17 07:06:13'),
(842, 324, 79, 18, 1, '2016-04-03 12:59:30'),
(843, 148, 31, 13, 1, '2016-12-13 13:39:55'),
(844, 498, 29, 6, 1, '2015-08-04 07:15:48'),
(845, 9, 13, 13, 1, '2014-03-19 00:49:23'),
(846, 912, 97, 19, 1, '2015-08-14 18:56:42'),
(847, 781, 38, 9, 1, '2016-01-15 12:35:13'),
(848, 284, 18, 6, 1, '2015-02-04 13:47:35'),
(849, 934, 14, 5, 1, '2014-02-20 10:25:29'),
(850, 835, 77, 6, 1, '2016-06-15 17:59:17'),
(851, 437, 1, 14, 1, '2016-07-12 14:18:48'),
(852, 282, 7, 9, 1, '2016-06-18 20:16:07'),
(853, 758, 8, 2, 1, '2014-11-12 08:40:15'),
(854, 845, 93, 14, 1, '2015-07-27 01:51:58'),
(855, 866, 95, 4, 1, '2014-03-26 13:32:27'),
(856, 241, 69, 10, 1, '2016-06-12 23:28:09'),
(857, 230, 70, 2, 1, '2014-03-18 13:19:28'),
(858, 690, 21, 17, 1, '2015-08-15 14:19:31'),
(859, 819, 94, 12, 1, '2015-11-21 03:02:54'),
(860, 911, 81, 4, 1, '2016-10-07 14:08:25'),
(861, 101, 75, 18, 1, '2014-10-01 17:07:51'),
(862, 122, 36, 10, 1, '2014-06-01 01:07:41'),
(863, 46, 73, 15, 1, '2015-03-19 02:34:54'),
(864, 41, 18, 5, 1, '2015-04-23 14:00:40'),
(865, 121, 97, 6, 1, '2015-07-11 14:49:09'),
(866, 889, 12, 9, 1, '2016-09-04 05:00:13'),
(867, 295, 8, 7, 1, '2016-11-12 03:52:13'),
(868, 383, 53, 10, 1, '2016-08-26 14:50:41'),
(869, 38, 13, 1, 1, '2014-12-13 00:10:09'),
(870, 742, 25, 8, 1, '2016-04-19 19:43:53'),
(871, 318, 73, 3, 1, '2014-10-21 01:42:34'),
(872, 685, 63, 13, 1, '2015-07-09 10:23:10'),
(873, 605, 97, 17, 1, '2016-01-28 16:55:34'),
(874, 431, 50, 3, 1, '2014-11-10 13:02:24'),
(875, 865, 44, 18, 1, '2015-09-12 15:48:45'),
(876, 699, 22, 9, 1, '2014-11-20 19:23:55'),
(877, 569, 23, 11, 1, '2014-05-21 07:49:11'),
(878, 706, 62, 8, 1, '2015-02-26 06:40:32'),
(879, 685, 95, 8, 1, '2015-03-06 12:55:28'),
(880, 173, 5, 12, 1, '2016-05-25 11:36:38'),
(881, 682, 68, 15, 1, '2014-10-13 16:36:42'),
(882, 318, 35, 19, 1, '2015-11-04 14:24:03'),
(883, 529, 2, 7, 1, '2016-02-22 13:49:30'),
(884, 858, 87, 19, 1, '2014-08-17 05:47:07'),
(885, 694, 6, 7, 1, '2015-12-25 13:03:55'),
(886, 15, 45, 10, 1, '2016-11-21 10:58:40'),
(887, 146, 39, 10, 1, '2015-04-27 11:15:35'),
(888, 505, 43, 3, 1, '2016-07-16 18:40:04'),
(889, 354, 11, 20, 1, '2016-09-22 15:53:34'),
(890, 548, 67, 17, 1, '2015-12-15 09:07:10'),
(891, 286, 82, 12, 1, '2016-05-14 23:56:28'),
(892, 862, 49, 1, 1, '2015-11-16 21:01:17'),
(893, 412, 60, 10, 1, '2016-10-24 18:52:23'),
(894, 666, 75, 14, 1, '2014-09-06 07:36:16'),
(895, 700, 5, 9, 1, '2014-02-03 20:39:54'),
(896, 680, 79, 7, 1, '2016-04-10 06:35:29'),
(897, 619, 26, 12, 1, '2015-11-26 14:46:08'),
(898, 121, 45, 17, 1, '2015-12-15 21:10:45'),
(899, 137, 83, 15, 1, '2015-04-15 20:09:39'),
(900, 709, 8, 15, 1, '2016-07-18 17:06:25'),
(901, 724, 86, 1, 1, '2014-10-19 22:18:34'),
(902, 662, 52, 20, 1, '2014-05-07 21:35:20'),
(903, 348, 92, 5, 1, '2014-08-16 17:10:27'),
(904, 699, 12, 2, 1, '2014-05-06 00:20:51'),
(905, 478, 13, 11, 1, '2014-04-25 12:14:25'),
(906, 39, 71, 19, 1, '2014-11-03 02:35:48'),
(907, 82, 7, 14, 1, '2016-11-26 05:27:04'),
(908, 400, 64, 1, 1, '2016-09-23 19:02:31'),
(909, 630, 83, 18, 1, '2016-01-09 02:19:28'),
(910, 1, 76, 8, 1, '2014-02-24 05:54:52'),
(911, 89, 2, 17, 1, '2016-11-10 01:46:13'),
(912, 562, 41, 8, 1, '2014-01-05 22:56:11'),
(913, 930, 72, 16, 1, '2014-11-21 10:17:26'),
(914, 300, 43, 2, 1, '2015-10-08 00:19:19'),
(915, 120, 52, 10, 1, '2015-03-18 00:51:41'),
(916, 935, 17, 19, 1, '2016-04-02 02:48:36'),
(917, 129, 53, 2, 1, '2015-07-24 05:55:05'),
(918, 685, 47, 17, 1, '2016-10-02 06:34:53'),
(919, 925, 33, 7, 1, '2014-10-15 20:28:12'),
(920, 268, 67, 7, 1, '2014-02-07 02:22:30'),
(921, 977, 2, 9, 1, '2016-09-11 06:57:10'),
(922, 905, 63, 8, 1, '2014-09-01 16:25:18'),
(923, 253, 20, 3, 1, '2016-04-20 07:21:32'),
(924, 313, 67, 9, 1, '2015-05-12 15:25:39'),
(925, 222, 95, 13, 1, '2014-03-05 07:07:25'),
(926, 711, 65, 9, 1, '2014-06-25 00:35:21'),
(927, 854, 87, 13, 1, '2014-07-28 03:15:25'),
(928, 819, 91, 18, 1, '2016-09-11 11:39:47'),
(929, 617, 5, 8, 1, '2016-10-26 02:12:36'),
(930, 854, 29, 15, 1, '2014-08-11 01:51:46'),
(931, 479, 9, 12, 1, '2016-02-04 01:56:36'),
(932, 535, 14, 10, 1, '2015-12-24 08:52:39'),
(933, 909, 8, 10, 1, '2016-02-11 09:55:29'),
(934, 82, 29, 2, 1, '2016-01-08 12:56:18'),
(935, 877, 62, 16, 1, '2016-11-24 20:08:50'),
(936, 213, 11, 20, 1, '2015-09-18 01:47:02'),
(937, 851, 79, 14, 1, '2014-01-08 21:02:46'),
(938, 146, 42, 4, 1, '2015-06-10 03:37:42'),
(939, 799, 20, 19, 1, '2015-08-25 07:36:53'),
(940, 601, 57, 3, 1, '2015-12-12 07:10:38'),
(941, 190, 93, 15, 1, '2016-04-12 09:18:15'),
(942, 796, 41, 17, 1, '2014-08-08 16:38:42'),
(943, 994, 59, 16, 1, '2016-01-01 02:06:29'),
(944, 451, 28, 15, 1, '2016-04-27 21:45:15'),
(945, 678, 25, 7, 1, '2014-07-14 15:28:39'),
(946, 782, 2, 15, 1, '2015-04-25 22:44:05'),
(947, 212, 53, 3, 1, '2015-11-28 23:23:23'),
(948, 511, 97, 9, 1, '2014-06-01 11:19:35'),
(949, 65, 51, 6, 1, '2016-08-08 09:17:45'),
(950, 854, 99, 14, 1, '2014-02-25 14:41:35'),
(951, 204, 78, 13, 1, '2015-11-16 18:11:20'),
(952, 532, 42, 1, 1, '2014-03-11 21:34:26'),
(953, 100, 44, 7, 1, '2015-03-15 09:30:16'),
(954, 762, 9, 8, 1, '2014-01-01 11:12:57'),
(955, 720, 8, 3, 1, '2015-10-13 03:15:06'),
(956, 264, 35, 6, 1, '2014-05-22 21:18:31'),
(957, 533, 80, 5, 1, '2016-02-28 08:52:57'),
(958, 256, 5, 13, 1, '2014-08-02 06:04:56'),
(959, 508, 18, 7, 1, '2016-05-12 21:20:25'),
(960, 457, 52, 19, 1, '2014-09-26 04:14:35'),
(961, 115, 34, 14, 1, '2016-02-12 02:08:35'),
(962, 86, 62, 3, 1, '2016-10-21 17:01:17'),
(963, 321, 84, 20, 1, '2016-06-07 18:12:02'),
(964, 861, 69, 15, 1, '2015-10-17 11:08:24'),
(965, 595, 81, 10, 1, '2014-12-16 07:02:53'),
(966, 2, 57, 14, 1, '2016-02-24 14:48:45'),
(967, 906, 81, 18, 1, '2016-09-18 12:36:43'),
(968, 226, 60, 9, 1, '2014-08-15 15:44:42'),
(969, 724, 95, 8, 1, '2015-04-05 18:21:37'),
(970, 754, 63, 20, 1, '2014-06-03 16:10:05'),
(971, 16, 83, 14, 1, '2015-11-11 21:16:12'),
(972, 302, 100, 16, 1, '2014-09-14 07:48:15'),
(973, 251, 53, 2, 1, '2015-12-28 05:48:32'),
(974, 91, 56, 16, 1, '2015-08-06 16:52:03'),
(975, 398, 66, 5, 1, '2014-09-06 14:57:14'),
(976, 839, 64, 11, 1, '2016-12-07 07:05:48'),
(977, 926, 29, 8, 1, '2016-08-21 09:10:23'),
(978, 765, 10, 19, 1, '2015-03-28 08:40:22'),
(979, 804, 4, 5, 1, '2014-12-24 10:25:34'),
(980, 587, 28, 9, 1, '2014-01-14 09:19:05'),
(981, 500, 98, 1, 1, '2016-02-07 02:10:54'),
(982, 524, 1, 1, 1, '2014-01-06 11:17:48'),
(983, 984, 72, 10, 1, '2014-05-03 03:24:58'),
(984, 296, 66, 5, 1, '2015-10-01 05:16:51'),
(985, 723, 35, 16, 1, '2015-03-05 00:34:52'),
(986, 120, 4, 19, 1, '2016-10-15 18:30:06'),
(987, 686, 46, 13, 1, '2014-10-19 11:39:10'),
(988, 715, 53, 13, 1, '2015-11-17 15:41:52'),
(989, 344, 15, 7, 1, '2014-08-10 22:07:00'),
(990, 301, 94, 7, 1, '2015-05-21 23:03:01'),
(991, 663, 100, 11, 1, '2016-10-10 04:56:55'),
(992, 596, 64, 10, 1, '2016-02-27 08:19:53'),
(993, 113, 12, 10, 1, '2015-01-13 14:34:03'),
(994, 819, 46, 1, 1, '2016-06-18 21:41:19'),
(995, 662, 10, 18, 1, '2014-04-24 23:59:59'),
(996, 688, 74, 10, 1, '2014-03-23 03:54:38'),
(997, 781, 3, 20, 1, '2016-04-08 17:40:48'),
(998, 422, 34, 16, 1, '2015-10-26 04:09:43'),
(999, 436, 50, 9, 2, '2014-12-26 16:34:06'),
(1000, 740, 59, 8, 1, '2015-12-26 16:11:53');

--
-- Ograniczenia dla zrzutów tabel
--

--
-- Ograniczenia dla tabeli `ocena`
--
ALTER TABLE `ocena`
  ADD CONSTRAINT `fk_ocena_produkt1` FOREIGN KEY (`produkt_id`) REFERENCES `produkt` (`id`) ON DELETE NO ACTION ON UPDATE NO ACTION;

--
-- Ograniczenia dla tabeli `produkt`
--
ALTER TABLE `produkt`
  ADD CONSTRAINT `fk_produkt_kategoria` FOREIGN KEY (`kategoria_id`) REFERENCES `kategoria` (`id`) ON DELETE NO ACTION ON UPDATE NO ACTION,
  ADD CONSTRAINT `fk_produkt_producent1` FOREIGN KEY (`producent_id`) REFERENCES `producent` (`id`) ON DELETE NO ACTION ON UPDATE NO ACTION;

--
-- Ograniczenia dla tabeli `transakcja`
--
ALTER TABLE `transakcja`
  ADD CONSTRAINT `fk_transakcja_klient1` FOREIGN KEY (`klient_id`) REFERENCES `klient` (`id`) ON DELETE NO ACTION ON UPDATE NO ACTION,
  ADD CONSTRAINT `fk_transakcja_pracownik1` FOREIGN KEY (`pracownik_id`) REFERENCES `pracownik` (`id`) ON DELETE NO ACTION ON UPDATE NO ACTION,
  ADD CONSTRAINT `fk_transakcja_produkt1` FOREIGN KEY (`produkt_id`) REFERENCES `produkt` (`id`) ON DELETE NO ACTION ON UPDATE NO ACTION,
  ADD CONSTRAINT `fk_transakcja_rodzaj_transakcji1` FOREIGN KEY (`rodzaj_transakcji_id`) REFERENCES `rodzaj_transakcji` (`id`) ON DELETE NO ACTION ON UPDATE NO ACTION;

/*!40101 SET CHARACTER_SET_CLIENT=@OLD_CHARACTER_SET_CLIENT */;
/*!40101 SET CHARACTER_SET_RESULTS=@OLD_CHARACTER_SET_RESULTS */;
/*!40101 SET COLLATION_CONNECTION=@OLD_COLLATION_CONNECTION */;
